AssetClass,AssetClassSubType,UMBSTradeCount,UMBSUniqueID,UMBS$Trades,FNMATradeCount,FNMAUniqueID,FNMA$Trades,FHLMCTradeCount,FHLMCUniqueID,FHLMC$Trades,GNMATradeCount,GNMAUniqueID,GNMA$Trades,OtherTradeCount,OtherUniqueID,Other$Trades,Date
"AGENCY PASS-THRU (TBA, STIP, $ ROLLS)",SINGLE FAMILY 15Y,1029,16,10367700.2,0,0,0,0.0,0.0,0.0,0.0,0.0,0.0,0.0,0.0,0.0,20190801
"AGENCY PASS-THRU (TBA, STIP, $ ROLLS)",SINGLE FAMILY 30Y,6773,24,186632371.9,0,0,0,5.0,4.0,102700.0,2015.0,35.0,41183055.9,0.0,0.0,0.0,20190801
"AGENCY PASS-THRU (TBA, STIP, $ ROLLS)",OTHER,0,0,0,17,10,372127.4,0.0,0.0,0.0,16.0,9.0,279696.4,0.0,0.0,0.0,20190801
AGENCY PASS-THRU (SPECIFIED),SINGLE FAMILY 15Y,276,149,504236.2,43,30,394939.5,139.0,79.0,82820.6,25.0,13.0,12427.5,0.0,0.0,0.0,20190801
AGENCY PASS-THRU (SPECIFIED),SINGLE FAMILY 30Y,831,367,6911505.6,36,21,432535.6,377.0,157.0,673000.4,552.0,265.0,5600971.4,0.0,0.0,0.0,20190801
AGENCY PASS-THRU (SPECIFIED),ADJUSTABLE/HYBRID,0,0,0,41,37,8489.5,197.0,109.0,51129.6,19.0,18.0,19956.9,10.0,9.0,975.0,20190801
AGENCY PASS-THRU (SPECIFIED),OTHER,0,0,0,0,0,0,0.0,0.0,0.0,0.0,0.0,0.0,0.0,0.0,0.0,20190801
AGENCY CMO,P&I,0,0,0,301,152,201511.1,287.0,141.0,107846.0,252.0,118.0,1173638.3,19.0,14.0,15779.2,20190801
AGENCY CMO,IO/PO,0,0,0,13,10,50092.3,21.0,10.0,108889.0,17.0,7.0,11116.1,78.0,39.0,191542.8,20190801
"AGENCY PASS-THRU (TBA, STIP, $ ROLLS)",SINGLE FAMILY 15Y,1009,13,15230679.9,0,0,0,0.0,0.0,0.0,0,0,0,0.0,0.0,0.0,20190802
"AGENCY PASS-THRU (TBA, STIP, $ ROLLS)",SINGLE FAMILY 30Y,6497,23,183874390.6,0,0,0,10.0,4.0,144225.0,1848,24,47201877.9,0.0,0.0,0.0,20190802
"AGENCY PASS-THRU (TBA, STIP, $ ROLLS)",OTHER,0,0,0,32,12,769445.8,0.0,0.0,0.0,18,12,261210.5,0.0,0.0,0.0,20190802
AGENCY PASS-THRU (SPECIFIED),SINGLE FAMILY 15Y,320,156,482919.3,31,20,50663.9,90.0,54.0,37249.9,46,19,23306.2,0.0,0.0,0.0,20190802
AGENCY PASS-THRU (SPECIFIED),SINGLE FAMILY 30Y,788,325,6648025.5,54,35,561425.3,309.0,126.0,338445.0,304,110,7082777.5,0.0,0.0,0.0,20190802
AGENCY PASS-THRU (SPECIFIED),ADJUSTABLE/HYBRID,0,0,0,*,*,*,10.0,7.0,96279.2,*,*,*,5.0,4.0,6462.6,20190802
AGENCY PASS-THRU (SPECIFIED),OTHER,0,0,0,0,0,0,0.0,0.0,0.0,0,0,0,0.0,0.0,0.0,20190802
AGENCY CMO,P&I,0,0,0,205,108,121861.7,192.0,103.0,428489.4,197,91,85595.2,13.0,13.0,49468.7,20190802
AGENCY CMO,IO/PO,0,0,0,*,*,*,15.0,4.0,7470.5,*,*,*,0.0,0.0,0.0,20190802
"AGENCY PASS-THRU (TBA, STIP, $ ROLLS)",SINGLE FAMILY 15Y,1446,18,23817001.8,0,0,0,*,*,*,0,0,0,0,0,0,20190805
"AGENCY PASS-THRU (TBA, STIP, $ ROLLS)",SINGLE FAMILY 30Y,7461,23,310718511.4,0,0,0,9,5,852797,1825,29,40672426.3,0,0,0,20190805
"AGENCY PASS-THRU (TBA, STIP, $ ROLLS)",OTHER,0,0,0,33,15,719415.4,0,0,0,26,11,188972.2,0,0,0,20190805
AGENCY PASS-THRU (SPECIFIED),SINGLE FAMILY 15Y,365,218,1100939.2,41,30,141279.1,142,91,194966.9,68,46,131923.6,0,0,0,20190805
AGENCY PASS-THRU (SPECIFIED),SINGLE FAMILY 30Y,985,476,20603952.9,35,17,353015.5,426,148,735265.4,600,257,5441903,*,*,*,20190805
AGENCY PASS-THRU (SPECIFIED),ADJUSTABLE/HYBRID,0,0,0,*,*,*,10,6,36141.8,*,*,*,16,8,20402.4,20190805
AGENCY PASS-THRU (SPECIFIED),OTHER,0,0,0,0,0,0,0,0,0,0,0,0,0,0,0,20190805
AGENCY CMO,P&I,0,0,0,297,138,127163.8,189,105,170971.4,207,118,353092.3,15,10,2008.8,20190805
AGENCY CMO,IO/PO,0,0,0,37,6,164302.5,*,*,*,14,8,91609.1,0,0,0,20190805
"AGENCY PASS-THRU (TBA, STIP, $ ROLLS)",SINGLE FAMILY 15Y,1828,14,22821489,0,0,0,0.0,0.0,0.0,0.0,0.0,0.0,0,0,0,20190806
"AGENCY PASS-THRU (TBA, STIP, $ ROLLS)",SINGLE FAMILY 30Y,8990,29,321633737.4,0,0,0,39.0,8.0,2510487.0,1992.0,34.0,56661160.3,0,0,0,20190806
"AGENCY PASS-THRU (TBA, STIP, $ ROLLS)",OTHER,0,0,0,27,11,784213.2,0.0,0.0,0.0,36.0,14.0,425138.4,0,0,0,20190806
AGENCY PASS-THRU (SPECIFIED),SINGLE FAMILY 15Y,434,223,1711620.8,61,40,322190.5,135.0,99.0,403965.0,106.0,44.0,92419.1,0,0,0,20190806
AGENCY PASS-THRU (SPECIFIED),SINGLE FAMILY 30Y,992,483,11516545.8,87,54,585060.1,347.0,156.0,489442.1,775.0,394.0,5905749.4,*,*,*,20190806
AGENCY PASS-THRU (SPECIFIED),ADJUSTABLE/HYBRID,0,0,0,23,12,14795.5,6.0,5.0,31726.1,34.0,17.0,41217.3,*,*,*,20190806
AGENCY PASS-THRU (SPECIFIED),OTHER,0,0,0,0,0,0,0.0,0.0,0.0,0.0,0.0,0.0,0,0,0,20190806
AGENCY CMO,P&I,0,0,0,321,154,391822,265.0,137.0,260367.8,283.0,149.0,341570.0,37,19,109119.5,20190806
AGENCY CMO,IO/PO,0,0,0,30,21,247571.7,22.0,19.0,44901.9,42.0,36.0,114825.7,0,0,0,20190806
"AGENCY PASS-THRU (TBA, STIP, $ ROLLS)",SINGLE FAMILY 15Y,1563,15,16264195.6,0,0,0,0.0,0.0,0.0,0.0,0.0,0.0,0,0,0,20190807
"AGENCY PASS-THRU (TBA, STIP, $ ROLLS)",SINGLE FAMILY 30Y,10987,28,363701507.6,0,0,0,25.0,6.0,1283690.0,2194.0,32.0,46713012.0,0,0,0,20190807
"AGENCY PASS-THRU (TBA, STIP, $ ROLLS)",OTHER,0,0,0,34,14,440528.4,0.0,0.0,0.0,20.0,12.0,222838.7,0,0,0,20190807
AGENCY PASS-THRU (SPECIFIED),SINGLE FAMILY 15Y,466,305,1857775.5,44,31,188680.2,127.0,90.0,196064.9,52.0,26.0,57783.8,0,0,0,20190807
AGENCY PASS-THRU (SPECIFIED),SINGLE FAMILY 30Y,1714,803,19565429.9,136,88,1451649.3,822.0,500.0,8263722.3,653.0,294.0,5720880.5,0,0,0,20190807
AGENCY PASS-THRU (SPECIFIED),ADJUSTABLE/HYBRID,0,0,0,40,25,70913.2,14.0,10.0,3353.3,25.0,20.0,46795.1,37,29,87948.8,20190807
AGENCY PASS-THRU (SPECIFIED),OTHER,0,0,0,0,0,0,0.0,0.0,0.0,0.0,0.0,0.0,0,0,0,20190807
AGENCY CMO,P&I,0,0,0,353,186,252488.4,302.0,158.0,442012.5,364.0,159.0,295046.8,26,16,243591.3,20190807
AGENCY CMO,IO/PO,0,0,0,50,34,276585,18.0,16.0,46272.1,48.0,40.0,141245.2,*,*,*,20190807
"AGENCY PASS-THRU (TBA, STIP, $ ROLLS)",SINGLE FAMILY 15Y,1617,18,18327852.2,0,0,0,0.0,0.0,0.0,0.0,0.0,0.0,0,0,0,20190808
"AGENCY PASS-THRU (TBA, STIP, $ ROLLS)",SINGLE FAMILY 30Y,10572,27,312674777.7,0,0,0,45.0,8.0,1344968.2,1901.0,31.0,39065516.8,0,0,0,20190808
"AGENCY PASS-THRU (TBA, STIP, $ ROLLS)",OTHER,0,0,0,44,14,645579.9,0.0,0.0,0.0,29.0,15.0,189932.8,0,0,0,20190808
AGENCY PASS-THRU (SPECIFIED),SINGLE FAMILY 15Y,504,289,964045.8,71,46,355071.3,180.0,122.0,164001.1,50.0,18.0,84307.0,0,0,0,20190808
AGENCY PASS-THRU (SPECIFIED),SINGLE FAMILY 30Y,1477,583,13203081.9,101,54,994784.2,721.0,266.0,2782853.0,602.0,273.0,5426265.6,*,*,*,20190808
AGENCY PASS-THRU (SPECIFIED),ADJUSTABLE/HYBRID,0,0,0,41,39,91854,6.0,4.0,14580.8,64.0,38.0,21681.1,27,18,37852.9,20190808
AGENCY PASS-THRU (SPECIFIED),OTHER,0,0,0,0,0,0,0.0,0.0,0.0,0.0,0.0,0.0,0,0,0,20190808
AGENCY CMO,P&I,0,0,0,245,138,133162.5,260.0,141.0,575147.4,300.0,147.0,250315.1,*,*,*,20190808
AGENCY CMO,IO/PO,0,0,0,27,18,394198,12.0,11.0,216679.0,14.0,8.0,198836.3,0,0,0,20190808
"AGENCY PASS-THRU (TBA, STIP, $ ROLLS)",SINGLE FAMILY 15Y,1070,17,17236132.3,0,0,0,*,*,*,0.0,0.0,0.0,0.0,0.0,0.0,20190809
"AGENCY PASS-THRU (TBA, STIP, $ ROLLS)",SINGLE FAMILY 30Y,6422,29,208376065.1,0,0,0,39,10,316748.5,1569.0,31.0,28264011.0,0.0,0.0,0.0,20190809
"AGENCY PASS-THRU (TBA, STIP, $ ROLLS)",OTHER,0,0,0,77,26,3858809.8,28,5,3058459.6,17.0,5.0,144763.1,0.0,0.0,0.0,20190809
AGENCY PASS-THRU (SPECIFIED),SINGLE FAMILY 15Y,277,159,893138.1,45,35,484611,99,66,30269.3,50.0,21.0,24916.4,0.0,0.0,0.0,20190809
AGENCY PASS-THRU (SPECIFIED),SINGLE FAMILY 30Y,965,492,21354059.7,47,19,409440.1,347,195,641458.8,506.0,248.0,3398423.8,0.0,0.0,0.0,20190809
AGENCY PASS-THRU (SPECIFIED),ADJUSTABLE/HYBRID,0,0,0,10,10,6991.9,13,12,369583.1,16.0,10.0,4819.6,10.0,9.0,15334.1,20190809
AGENCY PASS-THRU (SPECIFIED),OTHER,0,0,0,0,0,0,0,0,0,0.0,0.0,0.0,0.0,0.0,0.0,20190809
AGENCY CMO,P&I,0,0,0,224,134,333423.3,177,107,118060.6,191.0,103.0,177489.5,28.0,12.0,99682.4,20190809
AGENCY CMO,IO/PO,0,0,0,18,12,472598.6,35,9,100796.1,7.0,5.0,53278.5,0.0,0.0,0.0,20190809
"AGENCY PASS-THRU (TBA, STIP, $ ROLLS)",SINGLE FAMILY 15Y,1909,20,27801697.6,0,0,0,0,0,0,0.0,0.0,0.0,0,0,0,20190812
"AGENCY PASS-THRU (TBA, STIP, $ ROLLS)",SINGLE FAMILY 30Y,4905,24,89382335.5,0,0,0,*,*,*,1908.0,25.0,43008019.5,0,0,0,20190812
"AGENCY PASS-THRU (TBA, STIP, $ ROLLS)",OTHER,0,0,0,23,9,594694,*,*,*,17.0,11.0,188201.7,0,0,0,20190812
AGENCY PASS-THRU (SPECIFIED),SINGLE FAMILY 15Y,393,272,3141380.7,41,31,161305.9,137,101,131342.8,49.0,19.0,95196.4,0,0,0,20190812
AGENCY PASS-THRU (SPECIFIED),SINGLE FAMILY 30Y,827,430,4387227.3,65,25,272024.7,371,190,956263,620.0,301.0,5783932.8,0,0,0,20190812
AGENCY PASS-THRU (SPECIFIED),ADJUSTABLE/HYBRID,0,0,0,80,73,112598.4,33,27,87066.5,21.0,15.0,68043.1,*,*,*,20190812
AGENCY PASS-THRU (SPECIFIED),OTHER,0,0,0,0,0,0,0,0,0,0.0,0.0,0.0,0,0,0,20190812
AGENCY CMO,P&I,0,0,0,333,174,256111.6,274,143,137907.5,290.0,137.0,222451.5,45,21,119583.5,20190812
AGENCY CMO,IO/PO,0,0,0,30,13,187775.5,20,7,59513.6,27.0,12.0,317898.1,0,0,0,20190812
"AGENCY PASS-THRU (TBA, STIP, $ ROLLS)",SINGLE FAMILY 15Y,2606,19,38757450.7,0,0,0,0,0,0,*,*,*,0.0,0.0,0.0,20190813
"AGENCY PASS-THRU (TBA, STIP, $ ROLLS)",SINGLE FAMILY 30Y,8059,25,157005097.4,0,0,0,*,*,*,2120,30,51127696.8,0.0,0.0,0.0,20190813
"AGENCY PASS-THRU (TBA, STIP, $ ROLLS)",OTHER,0,0,0,38,13,821705.3,0,0,0,23,9,156658.5,0.0,0.0,0.0,20190813
AGENCY PASS-THRU (SPECIFIED),SINGLE FAMILY 15Y,451,264,2216894.1,71,42,191286.7,127,77,350474.5,70,19,102022.8,0.0,0.0,0.0,20190813
AGENCY PASS-THRU (SPECIFIED),SINGLE FAMILY 30Y,1109,510,7252879.3,62,38,2547582.6,385,175,431584.8,763,323,7240929,0.0,0.0,0.0,20190813
AGENCY PASS-THRU (SPECIFIED),ADJUSTABLE/HYBRID,0,0,0,52,28,54414.9,11,10,106582.2,12,9,106422,7.0,7.0,28526.6,20190813
AGENCY PASS-THRU (SPECIFIED),OTHER,0,0,0,0,0,0,0,0,0,0,0,0,0.0,0.0,0.0,20190813
AGENCY CMO,P&I,0,0,0,428,216,629776,359,188,210561.6,349,168,191525.1,25.0,16.0,9181.6,20190813
AGENCY CMO,IO/PO,0,0,0,32,13,252548.5,41,19,206412.6,42,20,590529.2,0.0,0.0,0.0,20190813
"AGENCY PASS-THRU (TBA, STIP, $ ROLLS)",SINGLE FAMILY 15Y,2271,19,29705175.4,0,0,0,0,0,0,0.0,0.0,0.0,0,0,0,20190814
"AGENCY PASS-THRU (TBA, STIP, $ ROLLS)",SINGLE FAMILY 30Y,7888,27,150658356.5,0,0,0,*,*,*,2404.0,39.0,63961903.2,0,0,0,20190814
"AGENCY PASS-THRU (TBA, STIP, $ ROLLS)",OTHER,0,0,0,32,13,887493.4,0,0,0,12.0,8.0,71525.3,0,0,0,20190814
AGENCY PASS-THRU (SPECIFIED),SINGLE FAMILY 15Y,493,332,2241916.8,61,42,176423.9,85,62,39563.6,86.0,18.0,175122.3,0,0,0,20190814
AGENCY PASS-THRU (SPECIFIED),SINGLE FAMILY 30Y,902,445,8233407.6,55,37,2186934.9,397,178,1065409.8,908.0,378.0,7712331.8,0,0,0,20190814
AGENCY PASS-THRU (SPECIFIED),ADJUSTABLE/HYBRID,0,0,0,36,29,130662.1,12,11,55481.3,26.0,23.0,59260.3,37,25,18074.6,20190814
AGENCY PASS-THRU (SPECIFIED),OTHER,0,0,0,0,0,0,0,0,0,0.0,0.0,0.0,0,0,0,20190814
AGENCY CMO,P&I,0,0,0,345,177,256288.3,310,163,539112.2,315.0,159.0,233908.4,36,19,45077.2,20190814
AGENCY CMO,IO/PO,0,0,0,34,21,225166.7,21,12,97000.3,53.0,25.0,549111.9,*,*,*,20190814
"AGENCY PASS-THRU (TBA, STIP, $ ROLLS)",SINGLE FAMILY 15Y,2341,18,30325628.4,0,0,0,0,0,0,0.0,0.0,0.0,0,0,0,20190815
"AGENCY PASS-THRU (TBA, STIP, $ ROLLS)",SINGLE FAMILY 30Y,7353,25,145575386.5,0,0,0,*,*,*,2802.0,36.0,65492122.0,0,0,0,20190815
"AGENCY PASS-THRU (TBA, STIP, $ ROLLS)",OTHER,0,0,0,36,13,724401.9,0,0,0,15.0,11.0,109188.4,0,0,0,20190815
AGENCY PASS-THRU (SPECIFIED),SINGLE FAMILY 15Y,308,178,1799047.3,51,31,142184,108,67,244218.6,48.0,17.0,97819.2,0,0,0,20190815
AGENCY PASS-THRU (SPECIFIED),SINGLE FAMILY 30Y,969,602,5848671.5,50,22,279660.6,499,348,911962.4,1726.0,791.0,10796057.5,0,0,0,20190815
AGENCY PASS-THRU (SPECIFIED),ADJUSTABLE/HYBRID,0,0,0,6,3,17653.1,7,4,21242.4,26.0,25.0,40668.3,29,17,28403.2,20190815
AGENCY PASS-THRU (SPECIFIED),OTHER,0,0,0,0,0,0,0,0,0,0.0,0.0,0.0,0,0,0,20190815
AGENCY CMO,P&I,0,0,0,366,215,101262.4,288,170,349105.8,268.0,148.0,155563.9,14,12,18999.7,20190815
AGENCY CMO,IO/PO,0,0,0,42,22,185834.2,23,14,236537.3,49.0,27.0,199307.1,*,*,*,20190815
"AGENCY PASS-THRU (TBA, STIP, $ ROLLS)",SINGLE FAMILY 15Y,991,15,14044285.5,0,0,0,0,0,0,0.0,0.0,0.0,0.0,0.0,0.0,20190816
"AGENCY PASS-THRU (TBA, STIP, $ ROLLS)",SINGLE FAMILY 30Y,5750,24,97693655.5,0,0,0,*,*,*,3705.0,39.0,81999634.4,0.0,0.0,0.0,20190816
"AGENCY PASS-THRU (TBA, STIP, $ ROLLS)",OTHER,0,0,0,40,15,858700.9,0,0,0,24.0,10.0,236843.3,0.0,0.0,0.0,20190816
AGENCY PASS-THRU (SPECIFIED),SINGLE FAMILY 15Y,205,125,1194103.2,40,25,211638.5,99,58,28033.2,59.0,35.0,25861.6,0.0,0.0,0.0,20190816
AGENCY PASS-THRU (SPECIFIED),SINGLE FAMILY 30Y,1219,652,11983654.7,30,13,617537.6,288,136,557811.6,1324.0,614.0,6066173.6,0.0,0.0,0.0,20190816
AGENCY PASS-THRU (SPECIFIED),ADJUSTABLE/HYBRID,0,0,0,15,13,78795.9,18,11,266088,18.0,13.0,8611.8,26.0,18.0,23091.7,20190816
AGENCY PASS-THRU (SPECIFIED),OTHER,0,0,0,0,0,0,0,0,0,0.0,0.0,0.0,0.0,0.0,0.0,20190816
AGENCY CMO,P&I,0,0,0,180,111,63274.1,243,129,114055.6,219.0,115.0,57124.6,8.0,7.0,4448.5,20190816
AGENCY CMO,IO/PO,0,0,0,52,41,200741.3,21,16,96707.5,25.0,16.0,103869.4,8.0,3.0,20700.8,20190816
"AGENCY PASS-THRU (TBA, STIP, $ ROLLS)",SINGLE FAMILY 15Y,834,14,11792679.8,0,0,0,0.0,0.0,0.0,0.0,0.0,0.0,0.0,0.0,0.0,20190819
"AGENCY PASS-THRU (TBA, STIP, $ ROLLS)",SINGLE FAMILY 30Y,4411,27,96892465.4,0,0,0,5.0,3.0,21500.0,3763.0,39.0,85215801.7,0.0,0.0,0.0,20190819
"AGENCY PASS-THRU (TBA, STIP, $ ROLLS)",OTHER,0,0,0,38,12,554516,0.0,0.0,0.0,22.0,8.0,183327.7,0.0,0.0,0.0,20190819
AGENCY PASS-THRU (SPECIFIED),SINGLE FAMILY 15Y,256,157,642438.4,52,38,158051.9,94.0,59.0,57596.2,57.0,32.0,19502.7,0.0,0.0,0.0,20190819
AGENCY PASS-THRU (SPECIFIED),SINGLE FAMILY 30Y,1030,462,5975445.7,59,31,439531.1,406.0,172.0,190391.1,1252.0,557.0,7203366.5,0.0,0.0,0.0,20190819
AGENCY PASS-THRU (SPECIFIED),ADJUSTABLE/HYBRID,0,0,0,110,54,104125.5,120.0,79.0,167647.7,26.0,14.0,38346.3,6.0,5.0,14818.9,20190819
AGENCY PASS-THRU (SPECIFIED),OTHER,0,0,0,0,0,0,0.0,0.0,0.0,0.0,0.0,0.0,0.0,0.0,0.0,20190819
AGENCY CMO,P&I,0,0,0,303,142,121798.2,276.0,129.0,119753.6,238.0,110.0,244637.8,24.0,10.0,662927.2,20190819
AGENCY CMO,IO/PO,0,0,0,41,27,133214.3,40.0,25.0,61726.2,31.0,19.0,69399.6,0.0,0.0,0.0,20190819
"AGENCY PASS-THRU (TBA, STIP, $ ROLLS)",SINGLE FAMILY 15Y,1325,18,10436198.2,0,0,0,0,0,0,0.0,0.0,0.0,0.0,0.0,0.0,20190820
"AGENCY PASS-THRU (TBA, STIP, $ ROLLS)",SINGLE FAMILY 30Y,5760,25,162203403.4,0,0,0,*,*,*,1466.0,35.0,52016660.4,0.0,0.0,0.0,20190820
"AGENCY PASS-THRU (TBA, STIP, $ ROLLS)",OTHER,0,0,0,27,17,349881,0,0,0,11.0,10.0,184650.1,0.0,0.0,0.0,20190820
AGENCY PASS-THRU (SPECIFIED),SINGLE FAMILY 15Y,405,210,897283.5,82,52,204236.5,202,146,444555.5,48.0,37.0,33913.3,0.0,0.0,0.0,20190820
AGENCY PASS-THRU (SPECIFIED),SINGLE FAMILY 30Y,1308,526,5049808.1,36,20,156284,617,219,342600.8,1147.0,622.0,5453238.8,0.0,0.0,0.0,20190820
AGENCY PASS-THRU (SPECIFIED),ADJUSTABLE/HYBRID,0,0,0,42,34,109370.8,36,23,127415.2,29.0,20.0,141270.3,23.0,20.0,44101.4,20190820
AGENCY PASS-THRU (SPECIFIED),OTHER,0,0,0,0,0,0,0,0,0,0.0,0.0,0.0,0.0,0.0,0.0,20190820
AGENCY CMO,P&I,0,0,0,413,183,519606.3,294,143,502551.8,342.0,156.0,171085.4,41.0,25.0,753126.0,20190820
AGENCY CMO,IO/PO,0,0,0,66,37,116365.9,39,20,81458.1,42.0,27.0,338938.1,0.0,0.0,0.0,20190820
"AGENCY PASS-THRU (TBA, STIP, $ ROLLS)",SINGLE FAMILY 15Y,1376,16,15743377.1,0,0,0,0,0,0,0.0,0.0,0.0,0,0,0,20190821
"AGENCY PASS-THRU (TBA, STIP, $ ROLLS)",SINGLE FAMILY 30Y,5579,26,106640911,0,0,0,*,*,*,1586.0,27.0,38443840.9,0,0,0,20190821
"AGENCY PASS-THRU (TBA, STIP, $ ROLLS)",OTHER,0,0,0,33,14,815619,0,0,0,11.0,7.0,91730.4,0,0,0,20190821
AGENCY PASS-THRU (SPECIFIED),SINGLE FAMILY 15Y,394,232,1326652.4,57,48,93102,137,81,146796.3,73.0,28.0,47145.5,0,0,0,20190821
AGENCY PASS-THRU (SPECIFIED),SINGLE FAMILY 30Y,1248,777,10693301.1,54,27,296941.5,439,220,872218.2,867.0,311.0,4935875.0,0,0,0,20190821
AGENCY PASS-THRU (SPECIFIED),ADJUSTABLE/HYBRID,0,0,0,60,36,82605.4,80,41,53931.3,29.0,22.0,54708.1,20,12,21416,20190821
AGENCY PASS-THRU (SPECIFIED),OTHER,0,0,0,0,0,0,0,0,0,0.0,0.0,0.0,0,0,0,20190821
AGENCY CMO,P&I,0,0,0,460,186,396280.1,293,168,360207.5,359.0,174.0,157202.1,40,12,274264.5,20190821
AGENCY CMO,IO/PO,0,0,0,47,30,174728.3,19,11,65783.3,31.0,27.0,409247.9,*,*,*,20190821
"AGENCY PASS-THRU (TBA, STIP, $ ROLLS)",SINGLE FAMILY 15Y,1291,14,16562001.5,0,0,0,0,0,0,0.0,0.0,0.0,0.0,0.0,0.0,20190822
"AGENCY PASS-THRU (TBA, STIP, $ ROLLS)",SINGLE FAMILY 30Y,6420,29,142332222,0,0,0,*,*,*,1547.0,27.0,45336621.9,0.0,0.0,0.0,20190822
"AGENCY PASS-THRU (TBA, STIP, $ ROLLS)",OTHER,0,0,0,29,12,411856,0,0,0,20.0,11.0,293401.1,0.0,0.0,0.0,20190822
AGENCY PASS-THRU (SPECIFIED),SINGLE FAMILY 15Y,403,244,1133081.3,30,24,38136.8,63,43,48061.2,137.0,68.0,35002.7,0.0,0.0,0.0,20190822
AGENCY PASS-THRU (SPECIFIED),SINGLE FAMILY 30Y,1500,707,12104681.9,79,28,490885.3,454,188,484656.8,699.0,303.0,3947541.6,0.0,0.0,0.0,20190822
AGENCY PASS-THRU (SPECIFIED),ADJUSTABLE/HYBRID,0,0,0,37,25,127499.8,25,18,71122.7,29.0,21.0,152661.2,9.0,8.0,7986.6,20190822
AGENCY PASS-THRU (SPECIFIED),OTHER,0,0,0,0,0,0,0,0,0,0.0,0.0,0.0,0.0,0.0,0.0,20190822
AGENCY CMO,P&I,0,0,0,394,158,239028.9,306,147,210626.1,324.0,167.0,326167.9,9.0,5.0,54669.0,20190822
AGENCY CMO,IO/PO,0,0,0,30,18,581629.8,9,8,49643.9,23.0,13.0,125845.6,0.0,0.0,0.0,20190822
"AGENCY PASS-THRU (TBA, STIP, $ ROLLS)",SINGLE FAMILY 15Y,757,14,5333956,0,0,0,0,0,0,0.0,0.0,0.0,0,0,0,20190823
"AGENCY PASS-THRU (TBA, STIP, $ ROLLS)",SINGLE FAMILY 30Y,4287,27,80135152.1,0,0,0,*,*,*,1500.0,27.0,43767852.2,0,0,0,20190823
"AGENCY PASS-THRU (TBA, STIP, $ ROLLS)",OTHER,0,0,0,33,15,677028.6,0,0,0,15.0,11.0,152644.0,0,0,0,20190823
AGENCY PASS-THRU (SPECIFIED),SINGLE FAMILY 15Y,268,139,710998.5,41,25,241743.1,79,49,102213,29.0,16.0,39351.2,0,0,0,20190823
AGENCY PASS-THRU (SPECIFIED),SINGLE FAMILY 30Y,1000,535,10273449.5,62,33,595116,358,160,361377.8,606.0,246.0,3519737.1,0,0,0,20190823
AGENCY PASS-THRU (SPECIFIED),ADJUSTABLE/HYBRID,0,0,0,118,62,24633.8,73,41,22768,44.0,39.0,366391.0,11,11,5993.9,20190823
AGENCY PASS-THRU (SPECIFIED),OTHER,0,0,0,0,0,0,0,0,0,0.0,0.0,0.0,0,0,0,20190823
AGENCY CMO,P&I,0,0,0,262,125,107845.4,320,126,35562.3,174.0,84.0,252142.1,14,4,62775.5,20190823
AGENCY CMO,IO/PO,0,0,0,26,13,208849,8,5,63727.3,34.0,12.0,286705.2,*,*,*,20190823
"AGENCY PASS-THRU (TBA, STIP, $ ROLLS)",SINGLE FAMILY 15Y,732,12,6144183.6,0,0,0,0,0,0,0.0,0.0,0.0,0.0,0.0,0.0,20190826
"AGENCY PASS-THRU (TBA, STIP, $ ROLLS)",SINGLE FAMILY 30Y,4042,24,133788367.7,0,0,0,*,*,*,1291.0,27.0,28451221.3,0.0,0.0,0.0,20190826
"AGENCY PASS-THRU (TBA, STIP, $ ROLLS)",OTHER,0,0,0,44,14,741209.3,0,0,0,22.0,13.0,93827.3,0.0,0.0,0.0,20190826
AGENCY PASS-THRU (SPECIFIED),SINGLE FAMILY 15Y,357,210,793642.4,46,26,138931.9,130,87,84125.4,45.0,21.0,17315.1,0.0,0.0,0.0,20190826
AGENCY PASS-THRU (SPECIFIED),SINGLE FAMILY 30Y,749,465,12754036.8,50,22,111169,353,222,289497.8,782.0,439.0,2211102.6,0.0,0.0,0.0,20190826
AGENCY PASS-THRU (SPECIFIED),ADJUSTABLE/HYBRID,0,0,0,95,54,357554.4,34,18,37550.2,26.0,18.0,3200.2,12.0,5.0,37837.8,20190826
AGENCY PASS-THRU (SPECIFIED),OTHER,0,0,0,0,0,0,0,0,0,0.0,0.0,0.0,0.0,0.0,0.0,20190826
AGENCY CMO,P&I,0,0,0,404,140,213637,284,133,171266.6,348.0,141.0,275726.9,30.0,15.0,336357.4,20190826
AGENCY CMO,IO/PO,0,0,0,41,30,181936.4,13,10,250034.5,17.0,10.0,26375.5,0.0,0.0,0.0,20190826
"AGENCY PASS-THRU (TBA, STIP, $ ROLLS)",SINGLE FAMILY 15Y,749,13,6742942.1,0,0,0,0,0,0,0.0,0.0,0.0,0,0,0,20190827
"AGENCY PASS-THRU (TBA, STIP, $ ROLLS)",SINGLE FAMILY 30Y,4383,28,90316161.7,0,0,0,*,*,*,1437.0,30.0,35697093.9,0,0,0,20190827
"AGENCY PASS-THRU (TBA, STIP, $ ROLLS)",OTHER,0,0,0,34,12,796799,*,*,*,19.0,13.0,175281.1,0,0,0,20190827
AGENCY PASS-THRU (SPECIFIED),SINGLE FAMILY 15Y,552,349,885301.4,75,46,203467.1,168,117,114101.5,32.0,19.0,41279.6,0,0,0,20190827
AGENCY PASS-THRU (SPECIFIED),SINGLE FAMILY 30Y,1631,861,8156391.4,62,34,538497,656,339,942583.9,775.0,388.0,1914028.6,0,0,0,20190827
AGENCY PASS-THRU (SPECIFIED),ADJUSTABLE/HYBRID,0,0,0,47,36,300589.8,42,33,16653.8,44.0,43.0,85447.5,15,14,43156.2,20190827
AGENCY PASS-THRU (SPECIFIED),OTHER,0,0,0,0,0,0,0,0,0,0.0,0.0,0.0,0,0,0,20190827
AGENCY CMO,P&I,0,0,0,434,207,263031,361,180,343827.5,353.0,168.0,225064.2,32,20,31610.4,20190827
AGENCY CMO,IO/PO,0,0,0,101,91,637755,24,15,187603.6,18.0,15.0,89926.0,*,*,*,20190827
"AGENCY PASS-THRU (TBA, STIP, $ ROLLS)",SINGLE FAMILY 15Y,743,14,9160778.6,0,0,0,0,0,0,0.0,0.0,0.0,0.0,0.0,0.0,20190828
"AGENCY PASS-THRU (TBA, STIP, $ ROLLS)",SINGLE FAMILY 30Y,4197,26,104462740.8,0,0,0,*,*,*,1326.0,25.0,28438158.1,0.0,0.0,0.0,20190828
"AGENCY PASS-THRU (TBA, STIP, $ ROLLS)",OTHER,0,0,0,30,16,456798.8,*,*,*,21.0,7.0,112735.9,0.0,0.0,0.0,20190828
AGENCY PASS-THRU (SPECIFIED),SINGLE FAMILY 15Y,322,197,1411294.9,59,37,104340,75,52,29299.3,22.0,13.0,13358.7,0.0,0.0,0.0,20190828
AGENCY PASS-THRU (SPECIFIED),SINGLE FAMILY 30Y,1487,905,12971921.2,66,35,235064.5,604,345,353229.3,864.0,401.0,3597203.9,0.0,0.0,0.0,20190828
AGENCY PASS-THRU (SPECIFIED),ADJUSTABLE/HYBRID,0,0,0,38,28,293798.8,23,23,134947.2,22.0,18.0,55558.7,15.0,9.0,15972.3,20190828
AGENCY PASS-THRU (SPECIFIED),OTHER,0,0,0,0,0,0,0,0,0,0.0,0.0,0.0,0.0,0.0,0.0,20190828
AGENCY CMO,P&I,0,0,0,366,183,332680.6,382,186,261369.4,349.0,166.0,275325.1,30.0,17.0,111411.2,20190828
AGENCY CMO,IO/PO,0,0,0,99,46,366811.8,57,31,207414.4,10.0,8.0,90894.4,8.0,8.0,12172.4,20190828
"AGENCY PASS-THRU (TBA, STIP, $ ROLLS)",SINGLE FAMILY 15Y,884,15,9719423.7,0,0,0,0,0,0,0.0,0.0,0.0,0.0,0.0,0.0,20190829
"AGENCY PASS-THRU (TBA, STIP, $ ROLLS)",SINGLE FAMILY 30Y,5288,28,132994240.2,0,0,0,*,*,*,1530.0,31.0,42383251.5,0.0,0.0,0.0,20190829
"AGENCY PASS-THRU (TBA, STIP, $ ROLLS)",OTHER,0,0,0,34,15,1522658,0,0,0,23.0,11.0,127911.9,0.0,0.0,0.0,20190829
AGENCY PASS-THRU (SPECIFIED),SINGLE FAMILY 15Y,255,155,853818.4,34,25,216264.4,95,65,235685.4,25.0,18.0,5183.7,0.0,0.0,0.0,20190829
AGENCY PASS-THRU (SPECIFIED),SINGLE FAMILY 30Y,1066,594,10767377.7,44,25,421112,318,187,651620.8,530.0,232.0,2295416.9,0.0,0.0,0.0,20190829
AGENCY PASS-THRU (SPECIFIED),ADJUSTABLE/HYBRID,0,0,0,56,28,78564.1,23,13,70262.6,27.0,16.0,60080.3,10.0,5.0,24792.9,20190829
AGENCY PASS-THRU (SPECIFIED),OTHER,0,0,0,0,0,0,0,0,0,0.0,0.0,0.0,0.0,0.0,0.0,20190829
AGENCY CMO,P&I,0,0,0,280,136,345849.2,259,143,217749,255.0,143.0,342165.6,10.0,8.0,78614.7,20190829
AGENCY CMO,IO/PO,0,0,0,51,29,157609.7,29,12,35565.8,28.0,11.0,69879.0,10.0,9.0,216455.3,20190829
"AGENCY PASS-THRU (TBA, STIP, $ ROLLS)",SINGLE FAMILY 15Y,724,14,6363327.8,0,0,0,0,0,0,0,0,0,0.0,0.0,0.0,20190830
"AGENCY PASS-THRU (TBA, STIP, $ ROLLS)",SINGLE FAMILY 30Y,4729,26,95073796,0,0,0,*,*,*,1454,32,31142430.5,0.0,0.0,0.0,20190830
"AGENCY PASS-THRU (TBA, STIP, $ ROLLS)",OTHER,0,0,0,47,21,405570.5,0,0,0,12,7,142933,0.0,0.0,0.0,20190830
AGENCY PASS-THRU (SPECIFIED),SINGLE FAMILY 15Y,239,168,1288765.1,8,6,79906.1,56,50,51199.6,15,13,8907,0.0,0.0,0.0,20190830
AGENCY PASS-THRU (SPECIFIED),SINGLE FAMILY 30Y,614,336,7549300.8,18,12,154114.1,237,136,190410.6,358,168,1912480.7,0.0,0.0,0.0,20190830
AGENCY PASS-THRU (SPECIFIED),ADJUSTABLE/HYBRID,0,0,0,*,*,*,0,0,0,*,*,*,5.0,4.0,52826.5,20190830
AGENCY PASS-THRU (SPECIFIED),OTHER,0,0,0,0,0,0,0,0,0,0,0,0,0.0,0.0,0.0,20190830
AGENCY CMO,P&I,0,0,0,167,82,198103,167,91,80629.6,134,68,189453.6,11.0,8.0,58145.0,20190830
AGENCY CMO,IO/PO,0,0,0,39,23,70097.3,14,8,16761.9,35,11,64953.4,0.0,0.0,0.0,20190830
"AGENCY PASS-THRU (TBA, STIP, $ ROLLS)",SINGLE FAMILY 15Y,864,13,25823974.2,0,0,0,0,0,0,0.0,0.0,0.0,0,0,0,20190903
"AGENCY PASS-THRU (TBA, STIP, $ ROLLS)",SINGLE FAMILY 30Y,4761,22,186825879.2,0,0,0,6,4,529000,1657.0,32.0,59510000.5,0,0,0,20190903
"AGENCY PASS-THRU (TBA, STIP, $ ROLLS)",OTHER,0,0,0,27,10,312322.6,0,0,0,28.0,12.0,171109.6,0,0,0,20190903
AGENCY PASS-THRU (SPECIFIED),SINGLE FAMILY 15Y,317,177,1726716.7,35,19,232849.7,131,90,93188.3,47.0,29.0,161737.8,0,0,0,20190903
AGENCY PASS-THRU (SPECIFIED),SINGLE FAMILY 30Y,975,541,5227581.9,22,16,87449.2,329,175,190683,704.0,363.0,5043980.1,0,0,0,20190903
AGENCY PASS-THRU (SPECIFIED),ADJUSTABLE/HYBRID,0,0,0,10,7,29084.2,9,8,17857.6,10.0,8.0,10518.1,*,*,*,20190903
AGENCY PASS-THRU (SPECIFIED),OTHER,0,0,0,0,0,0,0,0,0,0.0,0.0,0.0,0,0,0,20190903
AGENCY CMO,P&I,0,0,0,178,84,147888.2,235,105,344408.3,260.0,110.0,475449.9,6,5,5395.2,20190903
AGENCY CMO,IO/PO,0,0,0,18,11,65977.2,*,*,*,10.0,8.0,234549.4,*,*,*,20190903
"AGENCY PASS-THRU (TBA, STIP, $ ROLLS)",SINGLE FAMILY 15Y,797,15,17376193.6,0,0,0,*,*,*,0.0,0.0,0.0,0,0,0,20190904
"AGENCY PASS-THRU (TBA, STIP, $ ROLLS)",SINGLE FAMILY 30Y,6039,22,253191718.7,0,0,0,12,3,60400,1475.0,32.0,37419261.7,0,0,0,20190904
"AGENCY PASS-THRU (TBA, STIP, $ ROLLS)",OTHER,0,0,0,13,8,181182,0,0,0,18.0,12.0,253064.8,0,0,0,20190904
AGENCY PASS-THRU (SPECIFIED),SINGLE FAMILY 15Y,343,177,1533010.7,42,27,94082.4,111,76,501741.2,21.0,10.0,25498.5,0,0,0,20190904
AGENCY PASS-THRU (SPECIFIED),SINGLE FAMILY 30Y,907,501,19774528.2,38,16,278113.6,203,100,367711.6,673.0,276.0,4133630.7,0,0,0,20190904
AGENCY PASS-THRU (SPECIFIED),ADJUSTABLE/HYBRID,0,0,0,15,11,14442.8,9,5,22534.3,5.0,5.0,23205.4,28,21,38073.1,20190904
AGENCY PASS-THRU (SPECIFIED),OTHER,0,0,0,0,0,0,0,0,0,0.0,0.0,0.0,0,0,0,20190904
AGENCY CMO,P&I,0,0,0,227,114,172819,339,132,766385.7,287.0,131.0,427871.1,*,*,*,20190904
AGENCY CMO,IO/PO,0,0,0,60,37,414213.3,31,23,349956.6,36.0,29.0,317449.5,0,0,0,20190904
"AGENCY PASS-THRU (TBA, STIP, $ ROLLS)",SINGLE FAMILY 15Y,1007,16,15435163,0,0,0,0.0,0.0,0.0,0.0,0.0,0.0,0,0,0,20190905
"AGENCY PASS-THRU (TBA, STIP, $ ROLLS)",SINGLE FAMILY 30Y,7122,27,388616898.1,0,0,0,14.0,6.0,284575.0,1966.0,26.0,59901291.8,0,0,0,20190905
"AGENCY PASS-THRU (TBA, STIP, $ ROLLS)",OTHER,0,0,0,46,13,1514116.1,9.0,4.0,107508.3,30.0,12.0,227709.9,0,0,0,20190905
AGENCY PASS-THRU (SPECIFIED),SINGLE FAMILY 15Y,355,164,2077206.8,109,68,404850.9,134.0,79.0,647458.4,57.0,26.0,74573.2,0,0,0,20190905
AGENCY PASS-THRU (SPECIFIED),SINGLE FAMILY 30Y,1311,847,13484073.1,65,21,464528,275.0,192.0,705540.5,968.0,710.0,5652500.3,*,*,*,20190905
AGENCY PASS-THRU (SPECIFIED),ADJUSTABLE/HYBRID,0,0,0,16,14,99378.1,8.0,6.0,6641.6,19.0,12.0,77838.0,28,20,28836.3,20190905
AGENCY PASS-THRU (SPECIFIED),OTHER,0,0,0,0,0,0,0.0,0.0,0.0,0.0,0.0,0.0,0,0,0,20190905
AGENCY CMO,P&I,0,0,0,498,190,366032.8,417.0,213.0,432272.6,276.0,140.0,722237.9,6,6,68714.5,20190905
AGENCY CMO,IO/PO,0,0,0,96,45,380045.1,28.0,20.0,89111.9,49.0,33.0,201781.7,0,0,0,20190905
"AGENCY PASS-THRU (TBA, STIP, $ ROLLS)",SINGLE FAMILY 15Y,1047,14,23992658.8,0,0,0,0.0,0.0,0.0,0.0,0.0,0.0,0.0,0.0,0.0,20190906
"AGENCY PASS-THRU (TBA, STIP, $ ROLLS)",SINGLE FAMILY 30Y,7322,31,338954427.5,0,0,0,10.0,6.0,668970.0,1557.0,37.0,43856869.6,0.0,0.0,0.0,20190906
"AGENCY PASS-THRU (TBA, STIP, $ ROLLS)",OTHER,0,0,0,17,10,264918,0.0,0.0,0.0,33.0,12.0,198466.7,0.0,0.0,0.0,20190906
AGENCY PASS-THRU (SPECIFIED),SINGLE FAMILY 15Y,368,207,1643911.3,38,25,228595.9,110.0,78.0,573667.3,23.0,15.0,217181.9,0.0,0.0,0.0,20190906
AGENCY PASS-THRU (SPECIFIED),SINGLE FAMILY 30Y,1384,774,13849563.9,65,22,465922.3,380.0,211.0,443953.9,472.0,200.0,9231988.1,0.0,0.0,0.0,20190906
AGENCY PASS-THRU (SPECIFIED),ADJUSTABLE/HYBRID,0,0,0,9,6,84252.2,38.0,19.0,974.0,7.0,4.0,31394.5,10.0,8.0,18077.3,20190906
AGENCY PASS-THRU (SPECIFIED),OTHER,0,0,0,0,0,0,0.0,0.0,0.0,0.0,0.0,0.0,0.0,0.0,0.0,20190906
AGENCY CMO,P&I,0,0,0,328,150,422824.9,285.0,149.0,411562.0,262.0,122.0,152853.0,28.0,24.0,21249.3,20190906
AGENCY CMO,IO/PO,0,0,0,39,13,145814.5,12.0,8.0,70543.6,9.0,8.0,107304.6,0.0,0.0,0.0,20190906
"AGENCY PASS-THRU (TBA, STIP, $ ROLLS)",SINGLE FAMILY 15Y,1109,16,19584491.8,0,0,0,0.0,0.0,0.0,0.0,0.0,0.0,0,0,0,20190909
"AGENCY PASS-THRU (TBA, STIP, $ ROLLS)",SINGLE FAMILY 30Y,9011,28,292816302.5,0,0,0,35.0,9.0,829954.0,1542.0,29.0,30530447.8,0,0,0,20190909
"AGENCY PASS-THRU (TBA, STIP, $ ROLLS)",OTHER,0,0,0,21,11,313620,0.0,0.0,0.0,13.0,9.0,81159.1,0,0,0,20190909
AGENCY PASS-THRU (SPECIFIED),SINGLE FAMILY 15Y,361,240,1447615,32,20,86440.4,149.0,116.0,136842.7,43.0,16.0,65124.4,0,0,0,20190909
AGENCY PASS-THRU (SPECIFIED),SINGLE FAMILY 30Y,1303,722,13683307.8,71,25,435067.1,545.0,322.0,1443382.2,538.0,220.0,3918566.6,0,0,0,20190909
AGENCY PASS-THRU (SPECIFIED),ADJUSTABLE/HYBRID,0,0,0,11,8,21126.9,10.0,9.0,55914.8,15.0,12.0,88793.4,*,*,*,20190909
AGENCY PASS-THRU (SPECIFIED),OTHER,0,0,0,0,0,0,0.0,0.0,0.0,0.0,0.0,0.0,0,0,0,20190909
AGENCY CMO,P&I,0,0,0,314,164,352450.6,287.0,147.0,439680.7,239.0,106.0,301664.1,9,8,32883,20190909
AGENCY CMO,IO/PO,0,0,0,42,21,52826.9,25.0,10.0,61566.8,31.0,17.0,151905.6,0,0,0,20190909
"AGENCY PASS-THRU (TBA, STIP, $ ROLLS)",SINGLE FAMILY 15Y,1574,21,31212181.6,0,0,0,0,0,0,0.0,0.0,0.0,0,0,0,20190910
"AGENCY PASS-THRU (TBA, STIP, $ ROLLS)",SINGLE FAMILY 30Y,10244,29,275058506.3,0,0,0,46,10,398950,2132.0,27.0,70941549.4,0,0,0,20190910
"AGENCY PASS-THRU (TBA, STIP, $ ROLLS)",OTHER,0,0,0,24,10,415195.6,0,0,0,20.0,12.0,226592.8,0,0,0,20190910
AGENCY PASS-THRU (SPECIFIED),SINGLE FAMILY 15Y,418,257,2407051.1,64,41,240789.4,107,68,277988.4,51.0,14.0,58911.2,0,0,0,20190910
AGENCY PASS-THRU (SPECIFIED),SINGLE FAMILY 30Y,1008,432,20257048.4,30,14,325556.6,307,118,80818,689.0,292.0,9380851.9,0,0,0,20190910
AGENCY PASS-THRU (SPECIFIED),ADJUSTABLE/HYBRID,0,0,0,9,8,33430.2,*,*,*,64.0,52.0,173704.8,11,6,64752.3,20190910
AGENCY PASS-THRU (SPECIFIED),OTHER,0,0,0,0,0,0,0,0,0,0.0,0.0,0.0,0,0,0,20190910
AGENCY CMO,P&I,0,0,0,383,186,371681.2,372,202,480467.9,348.0,180.0,736059.7,*,*,*,20190910
AGENCY CMO,IO/PO,0,0,0,62,25,399543.6,53,17,125337.1,38.0,21.0,187556.4,0,0,0,20190910
"AGENCY PASS-THRU (TBA, STIP, $ ROLLS)",SINGLE FAMILY 15Y,2138,18,48009884.1,0,0,0,0,0,0,0.0,0.0,0.0,0,0,0,20190911
"AGENCY PASS-THRU (TBA, STIP, $ ROLLS)",SINGLE FAMILY 30Y,6381,32,174524029.5,0,0,0,*,*,*,1957.0,30.0,58852493.8,0,0,0,20190911
"AGENCY PASS-THRU (TBA, STIP, $ ROLLS)",OTHER,0,0,0,34,21,656606.1,0,0,0,41.0,14.0,460663.2,0,0,0,20190911
AGENCY PASS-THRU (SPECIFIED),SINGLE FAMILY 15Y,637,372,1731287,89,57,220473.9,88,66,98663.4,82.0,20.0,122952.8,0,0,0,20190911
AGENCY PASS-THRU (SPECIFIED),SINGLE FAMILY 30Y,913,406,6599760.9,65,40,1038271.9,239,144,637016.9,760.0,334.0,7090726.8,0,0,0,20190911
AGENCY PASS-THRU (SPECIFIED),ADJUSTABLE/HYBRID,0,0,0,33,27,176437.2,33,29,77433.9,32.0,22.0,35728.7,*,*,*,20190911
AGENCY PASS-THRU (SPECIFIED),OTHER,0,0,0,0,0,0,0,0,0,0.0,0.0,0.0,0,0,0,20190911
AGENCY CMO,P&I,0,0,0,382,206,527842.3,296,177,476250.9,298.0,170.0,456587.4,19,13,24602.8,20190911
AGENCY CMO,IO/PO,0,0,0,37,24,207957.4,30,17,182041.4,26.0,14.0,230897.0,*,*,*,20190911
"AGENCY PASS-THRU (TBA, STIP, $ ROLLS)",SINGLE FAMILY 15Y,2362,17,29377528.3,0,0,0,*,*,*,0.0,0.0,0.0,0,0,0,20190912
"AGENCY PASS-THRU (TBA, STIP, $ ROLLS)",SINGLE FAMILY 30Y,6794,25,164676517.4,0,0,0,*,*,*,2677.0,38.0,85588989.2,0,0,0,20190912
"AGENCY PASS-THRU (TBA, STIP, $ ROLLS)",OTHER,0,0,0,23,11,371481,0,0,0,27.0,12.0,155554.5,0,0,0,20190912
AGENCY PASS-THRU (SPECIFIED),SINGLE FAMILY 15Y,354,218,1129617.4,62,51,277897.2,90,66,420188.1,46.0,16.0,68502.8,0,0,0,20190912
AGENCY PASS-THRU (SPECIFIED),SINGLE FAMILY 30Y,1100,543,5161220.4,37,22,95834.8,413,208,752969.4,1180.0,487.0,8927597.5,0,0,0,20190912
AGENCY PASS-THRU (SPECIFIED),ADJUSTABLE/HYBRID,0,0,0,108,68,99490,23,16,4978.3,18.0,12.0,106648.2,*,*,*,20190912
AGENCY PASS-THRU (SPECIFIED),OTHER,0,0,0,0,0,0,0,0,0,0.0,0.0,0.0,0,0,0,20190912
AGENCY CMO,P&I,0,0,0,397,189,491212.1,319,167,603724.9,273.0,147.0,560974.3,0,0,0,20190912
AGENCY CMO,IO/PO,0,0,0,55,20,406193.9,29,17,360011.2,30.0,21.0,259639.7,*,*,*,20190912
"AGENCY PASS-THRU (TBA, STIP, $ ROLLS)",SINGLE FAMILY 15Y,1536,18,15083767.7,0,0,0,0,0,0,0.0,0.0,0.0,0,0,0,20190913
"AGENCY PASS-THRU (TBA, STIP, $ ROLLS)",SINGLE FAMILY 30Y,8476,26,196184695.5,0,0,0,*,*,*,3181.0,45.0,92669098.9,0,0,0,20190913
"AGENCY PASS-THRU (TBA, STIP, $ ROLLS)",OTHER,0,0,0,50,21,484640,0,0,0,47.0,19.0,426805.6,0,0,0,20190913
AGENCY PASS-THRU (SPECIFIED),SINGLE FAMILY 15Y,469,340,1037852.1,125,83,665550.6,100,72,152628.8,38.0,15.0,31098.1,0,0,0,20190913
AGENCY PASS-THRU (SPECIFIED),SINGLE FAMILY 30Y,926,418,7259154,52,29,552048.1,373,168,608162,1306.0,552.0,11786710.5,0,0,0,20190913
AGENCY PASS-THRU (SPECIFIED),ADJUSTABLE/HYBRID,0,0,0,26,17,211642.8,*,*,*,191.0,178.0,58942.9,*,*,*,20190913
AGENCY PASS-THRU (SPECIFIED),OTHER,0,0,0,0,0,0,0,0,0,0.0,0.0,0.0,0,0,0,20190913
AGENCY CMO,P&I,0,0,0,355,185,294285.9,275,164,297236.9,220.0,127.0,351275.1,19,13,4354.2,20190913
AGENCY CMO,IO/PO,0,0,0,20,16,140592.7,15,7,60041.5,22.0,11.0,363874.2,24,11,602749.6,20190913
"AGENCY PASS-THRU (TBA, STIP, $ ROLLS)",SINGLE FAMILY 15Y,1023,13,10698262.1,0,0,0,0,0,0,0.0,0.0,0.0,0.0,0.0,0.0,20190916
"AGENCY PASS-THRU (TBA, STIP, $ ROLLS)",SINGLE FAMILY 30Y,4331,24,97248976.6,0,0,0,*,*,*,4327.0,36.0,85601036.9,0.0,0.0,0.0,20190916
"AGENCY PASS-THRU (TBA, STIP, $ ROLLS)",OTHER,0,0,0,24,11,1219351,0,0,0,51.0,10.0,339158.6,0.0,0.0,0.0,20190916
AGENCY PASS-THRU (SPECIFIED),SINGLE FAMILY 15Y,270,181,1285180.4,50,42,193772.1,129,88,810207.2,57.0,25.0,62360.6,0.0,0.0,0.0,20190916
AGENCY PASS-THRU (SPECIFIED),SINGLE FAMILY 30Y,771,426,3618948.7,39,25,138924.1,335,192,987994.6,1049.0,447.0,7471412.5,0.0,0.0,0.0,20190916
AGENCY PASS-THRU (SPECIFIED),ADJUSTABLE/HYBRID,0,0,0,17,15,68694.6,5,3,5467.6,155.0,83.0,69832.2,8.0,5.0,12106.1,20190916
AGENCY PASS-THRU (SPECIFIED),OTHER,0,0,0,0,0,0,0,0,0,0.0,0.0,0.0,0.0,0.0,0.0,20190916
AGENCY CMO,P&I,0,0,0,363,176,198260.7,267,148,208161.2,203.0,115.0,260706.2,12.0,10.0,3610.1,20190916
AGENCY CMO,IO/PO,0,0,0,13,6,56699,33,8,239177,27.0,17.0,754823.7,0.0,0.0,0.0,20190916
"AGENCY PASS-THRU (TBA, STIP, $ ROLLS)",SINGLE FAMILY 15Y,1419,15,9834780,0,0,0,0,0,0,0.0,0.0,0.0,0,0,0,20190917
"AGENCY PASS-THRU (TBA, STIP, $ ROLLS)",SINGLE FAMILY 30Y,5143,25,131308825.6,0,0,0,*,*,*,3298.0,40.0,66945904.5,0,0,0,20190917
"AGENCY PASS-THRU (TBA, STIP, $ ROLLS)",OTHER,0,0,0,29,14,929015,0,0,0,8.0,8.0,46001.8,0,0,0,20190917
AGENCY PASS-THRU (SPECIFIED),SINGLE FAMILY 15Y,280,163,1010650.7,80,60,318824.5,113,68,153020.5,35.0,23.0,72604.2,0,0,0,20190917
AGENCY PASS-THRU (SPECIFIED),SINGLE FAMILY 30Y,1157,620,7132076.5,53,27,255714.7,464,243,948878.9,1213.0,471.0,9355525.9,0,0,0,20190917
AGENCY PASS-THRU (SPECIFIED),ADJUSTABLE/HYBRID,0,0,0,76,37,82322.6,45,25,15269.2,25.0,14.0,15041.6,13,7,18163.3,20190917
AGENCY PASS-THRU (SPECIFIED),OTHER,0,0,0,0,0,0,0,0,0,0.0,0.0,0.0,0,0,0,20190917
AGENCY CMO,P&I,0,0,0,443,214,425264,355,174,244080.6,302.0,167.0,364058.0,26,15,19241.8,20190917
AGENCY CMO,IO/PO,0,0,0,80,41,457123.6,18,7,44529.9,70.0,32.0,225209.9,*,*,*,20190917
"AGENCY PASS-THRU (TBA, STIP, $ ROLLS)",SINGLE FAMILY 15Y,1201,12,10465681.6,0,0,0,0,0,0,0.0,0.0,0.0,0,0,0,20190918
"AGENCY PASS-THRU (TBA, STIP, $ ROLLS)",SINGLE FAMILY 30Y,6132,19,187891871.4,0,0,0,*,*,*,1681.0,28.0,48533187.0,0,0,0,20190918
"AGENCY PASS-THRU (TBA, STIP, $ ROLLS)",OTHER,0,0,0,21,10,243465.5,0,0,0,18.0,12.0,74775.1,0,0,0,20190918
AGENCY PASS-THRU (SPECIFIED),SINGLE FAMILY 15Y,225,127,747971.2,53,41,79143.1,58,38,12254.5,37.0,12.0,130627.6,0,0,0,20190918
AGENCY PASS-THRU (SPECIFIED),SINGLE FAMILY 30Y,807,464,6413258.8,90,42,286814.7,290,157,639852.3,711.0,330.0,6319088.6,0,0,0,20190918
AGENCY PASS-THRU (SPECIFIED),ADJUSTABLE/HYBRID,0,0,0,41,28,66724.1,18,12,286315.4,21.0,14.0,5743.0,*,*,*,20190918
AGENCY PASS-THRU (SPECIFIED),OTHER,0,0,0,0,0,0,0,0,0,0.0,0.0,0.0,0,0,0,20190918
AGENCY CMO,P&I,0,0,0,411,203,599574.2,289,160,272011.7,371.0,185.0,339008.7,19,14,11022.4,20190918
AGENCY CMO,IO/PO,0,0,0,144,46,303695.3,84,28,163243.2,181.0,54.0,282884.4,*,*,*,20190918
"AGENCY PASS-THRU (TBA, STIP, $ ROLLS)",SINGLE FAMILY 15Y,874,14,9331581,0,0,0,0,0,0,0.0,0.0,0.0,0.0,0.0,0.0,20190919
"AGENCY PASS-THRU (TBA, STIP, $ ROLLS)",SINGLE FAMILY 30Y,5648,26,138960154.1,0,0,0,*,*,*,1469.0,28.0,45447992.2,0.0,0.0,0.0,20190919
"AGENCY PASS-THRU (TBA, STIP, $ ROLLS)",OTHER,0,0,0,13,8,303890.1,0,0,0,5.0,4.0,78745.1,0.0,0.0,0.0,20190919
AGENCY PASS-THRU (SPECIFIED),SINGLE FAMILY 15Y,223,136,977208.2,57,44,224914.8,79,63,306333.5,50.0,29.0,144749.1,0.0,0.0,0.0,20190919
AGENCY PASS-THRU (SPECIFIED),SINGLE FAMILY 30Y,1022,569,7221449.6,45,28,913089.4,363,197,324488.3,872.0,450.0,5756533.5,0.0,0.0,0.0,20190919
AGENCY PASS-THRU (SPECIFIED),ADJUSTABLE/HYBRID,0,0,0,80,59,187378,31,22,123218.7,127.0,111.0,4526.2,43.0,32.0,14004.7,20190919
AGENCY PASS-THRU (SPECIFIED),OTHER,0,0,0,0,0,0,0,0,0,0.0,0.0,0.0,0.0,0.0,0.0,20190919
AGENCY CMO,P&I,0,0,0,488,213,927258.6,288,162,257292.3,239.0,129.0,554278.0,13.0,8.0,14431.5,20190919
AGENCY CMO,IO/PO,0,0,0,34,18,93925.6,40,26,305332.2,12.0,11.0,195770.5,6.0,6.0,50461.9,20190919
"AGENCY PASS-THRU (TBA, STIP, $ ROLLS)",SINGLE FAMILY 15Y,1147,14,9170107.5,0,0,0,0,0,0,0.0,0.0,0.0,0,0,0,20190920
"AGENCY PASS-THRU (TBA, STIP, $ ROLLS)",SINGLE FAMILY 30Y,5585,23,153475039.3,0,0,0,*,*,*,1308.0,23.0,51878997.0,0,0,0,20190920
"AGENCY PASS-THRU (TBA, STIP, $ ROLLS)",OTHER,0,0,0,22,14,416374,0,0,0,22.0,12.0,335562.0,0,0,0,20190920
AGENCY PASS-THRU (SPECIFIED),SINGLE FAMILY 15Y,323,177,1047431.2,64,32,199657.1,80,68,37236.3,36.0,15.0,262117.9,0,0,0,20190920
AGENCY PASS-THRU (SPECIFIED),SINGLE FAMILY 30Y,844,524,6403361.4,48,29,417145.8,320,220,384251.6,921.0,407.0,4267834.9,0,0,0,20190920
AGENCY PASS-THRU (SPECIFIED),ADJUSTABLE/HYBRID,0,0,0,221,217,74372.7,22,15,94326.5,12.0,7.0,22135.9,0,0,0,20190920
AGENCY PASS-THRU (SPECIFIED),OTHER,0,0,0,0,0,0,0,0,0,0.0,0.0,0.0,0,0,0,20190920
AGENCY CMO,P&I,0,0,0,355,162,470637.8,368,144,204563.5,244.0,132.0,426702.4,39,24,47312.2,20190920
AGENCY CMO,IO/PO,0,0,0,78,34,317448.3,59,28,167129.7,23.0,12.0,140474.7,*,*,*,20190920
"AGENCY PASS-THRU (TBA, STIP, $ ROLLS)",SINGLE FAMILY 15Y,922,13,9334018,0,0,0,0,0,0,0.0,0.0,0.0,0.0,0.0,0.0,20190923
"AGENCY PASS-THRU (TBA, STIP, $ ROLLS)",SINGLE FAMILY 30Y,3828,21,70980693,0,0,0,*,*,*,1382.0,27.0,39024149.3,0.0,0.0,0.0,20190923
"AGENCY PASS-THRU (TBA, STIP, $ ROLLS)",OTHER,0,0,0,11,8,84678,0,0,0,11.0,9.0,190230.1,0.0,0.0,0.0,20190923
AGENCY PASS-THRU (SPECIFIED),SINGLE FAMILY 15Y,303,183,437520.9,61,38,84777.4,76,52,34542.2,24.0,14.0,69169.6,0.0,0.0,0.0,20190923
AGENCY PASS-THRU (SPECIFIED),SINGLE FAMILY 30Y,983,527,3811262.1,53,39,561344.4,328,150,288245.2,1002.0,573.0,2371225.1,0.0,0.0,0.0,20190923
AGENCY PASS-THRU (SPECIFIED),ADJUSTABLE/HYBRID,0,0,0,30,25,101355,15,13,32652.1,40.0,34.0,288305.6,31.0,18.0,40887.8,20190923
AGENCY PASS-THRU (SPECIFIED),OTHER,0,0,0,0,0,0,0,0,0,0.0,0.0,0.0,0.0,0.0,0.0,20190923
AGENCY CMO,P&I,0,0,0,360,179,165803.2,309,163,256220.6,331.0,155.0,422914.9,22.0,12.0,33294.9,20190923
AGENCY CMO,IO/PO,0,0,0,69,28,71818,39,18,21397.5,24.0,11.0,94855.8,0.0,0.0,0.0,20190923
"AGENCY PASS-THRU (TBA, STIP, $ ROLLS)",SINGLE FAMILY 15Y,1221,19,17675500.3,0,0,0,0,0,0,0.0,0.0,0.0,0,0,0,20190924
"AGENCY PASS-THRU (TBA, STIP, $ ROLLS)",SINGLE FAMILY 30Y,6103,24,134277863.2,0,0,0,*,*,*,1678.0,32.0,75073101.0,0,0,0,20190924
"AGENCY PASS-THRU (TBA, STIP, $ ROLLS)",OTHER,0,0,0,26,13,388512.1,6,5,25391.3,15.0,9.0,82932.6,0,0,0,20190924
AGENCY PASS-THRU (SPECIFIED),SINGLE FAMILY 15Y,301,199,969383.1,53,40,355941.2,78,59,21073.3,50.0,26.0,22070.0,0,0,0,20190924
AGENCY PASS-THRU (SPECIFIED),SINGLE FAMILY 30Y,2064,1439,17464209.5,41,30,363326.1,554,323,431684.4,1038.0,565.0,4796122.8,0,0,0,20190924
AGENCY PASS-THRU (SPECIFIED),ADJUSTABLE/HYBRID,0,0,0,17,10,317920.3,*,*,*,56.0,53.0,230413.9,18,12,130907.6,20190924
AGENCY PASS-THRU (SPECIFIED),OTHER,0,0,0,0,0,0,0,0,0,0.0,0.0,0.0,0,0,0,20190924
AGENCY CMO,P&I,0,0,0,347,167,290951.3,334,146,386607.3,328.0,136.0,497630.3,25,14,104854.5,20190924
AGENCY CMO,IO/PO,0,0,0,26,20,52227.1,17,12,79402.9,47.0,25.0,148251.0,*,*,*,20190924
"AGENCY PASS-THRU (TBA, STIP, $ ROLLS)",SINGLE FAMILY 15Y,1206,13,15721661.8,0,0,0,0,0,0,0.0,0.0,0.0,0.0,0.0,0.0,20190925
"AGENCY PASS-THRU (TBA, STIP, $ ROLLS)",SINGLE FAMILY 30Y,7638,22,143552407.4,0,0,0,*,*,*,1678.0,33.0,42392553.9,0.0,0.0,0.0,20190925
"AGENCY PASS-THRU (TBA, STIP, $ ROLLS)",OTHER,0,0,0,30,12,583061,*,*,*,25.0,10.0,369892.5,0.0,0.0,0.0,20190925
AGENCY PASS-THRU (SPECIFIED),SINGLE FAMILY 15Y,234,140,893717.3,76,51,320155.9,50,45,92853,24.0,19.0,39940.1,0.0,0.0,0.0,20190925
AGENCY PASS-THRU (SPECIFIED),SINGLE FAMILY 30Y,1211,721,10637851.6,53,22,296056,336,196,662976.9,1324.0,635.0,3793435.8,0.0,0.0,0.0,20190925
AGENCY PASS-THRU (SPECIFIED),ADJUSTABLE/HYBRID,0,0,0,33,25,394888.9,20,10,131528.5,124.0,110.0,29628.4,10.0,6.0,40615.6,20190925
AGENCY PASS-THRU (SPECIFIED),OTHER,0,0,0,0,0,0,0,0,0,0.0,0.0,0.0,0.0,0.0,0.0,20190925
AGENCY CMO,P&I,0,0,0,473,207,586978.6,364,195,504313.5,339.0,160.0,388443.0,16.0,10.0,148582.2,20190925
AGENCY CMO,IO/PO,0,0,0,29,20,314002.5,32,16,177148.2,20.0,15.0,175592.3,0.0,0.0,0.0,20190925
"AGENCY PASS-THRU (TBA, STIP, $ ROLLS)",SINGLE FAMILY 15Y,1577,13,23649197.2,0,0,0,0,0,0,0.0,0.0,0.0,0,0,0,20190926
"AGENCY PASS-THRU (TBA, STIP, $ ROLLS)",SINGLE FAMILY 30Y,6969,21,107184691.7,0,0,0,*,*,*,1434.0,29.0,43139638.1,0,0,0,20190926
"AGENCY PASS-THRU (TBA, STIP, $ ROLLS)",OTHER,0,0,0,21,10,376467,0,0,0,35.0,9.0,280994.1,0,0,0,20190926
AGENCY PASS-THRU (SPECIFIED),SINGLE FAMILY 15Y,323,172,1529458.7,45,35,109805.2,51,35,64922.5,14.0,12.0,11612.4,0,0,0,20190926
AGENCY PASS-THRU (SPECIFIED),SINGLE FAMILY 30Y,1342,674,11376665.2,15,11,58074.4,562,332,189679.6,697.0,380.0,1967889.3,0,0,0,20190926
AGENCY PASS-THRU (SPECIFIED),ADJUSTABLE/HYBRID,0,0,0,89,83,208391.6,31,30,65337.6,15.0,9.0,21497.1,*,*,*,20190926
AGENCY PASS-THRU (SPECIFIED),OTHER,0,0,0,0,0,0,0,0,0,0.0,0.0,0.0,0,0,0,20190926
AGENCY CMO,P&I,0,0,0,401,194,737834.8,327,168,267232.3,352.0,158.0,368444.2,33,17,232987.4,20190926
AGENCY CMO,IO/PO,0,0,0,47,25,208026.1,19,17,90373.3,35.0,20.0,231964.1,0,0,0,20190926
"AGENCY PASS-THRU (TBA, STIP, $ ROLLS)",SINGLE FAMILY 15Y,616,12,11302587.7,0,0,0,0,0,0,0.0,0.0,0.0,0.0,0.0,0.0,20190927
"AGENCY PASS-THRU (TBA, STIP, $ ROLLS)",SINGLE FAMILY 30Y,5248,24,113578245.5,0,0,0,*,*,*,1426.0,32.0,29636093.1,0.0,0.0,0.0,20190927
"AGENCY PASS-THRU (TBA, STIP, $ ROLLS)",OTHER,0,0,0,25,9,245964,*,*,*,35.0,17.0,256868.1,0.0,0.0,0.0,20190927
AGENCY PASS-THRU (SPECIFIED),SINGLE FAMILY 15Y,277,170,979957.1,31,19,120515.6,65,40,27710.7,14.0,9.0,3386.7,0.0,0.0,0.0,20190927
AGENCY PASS-THRU (SPECIFIED),SINGLE FAMILY 30Y,789,387,8973630.3,25,9,311742.5,329,182,953746.6,691.0,381.0,3190263.1,0.0,0.0,0.0,20190927
AGENCY PASS-THRU (SPECIFIED),ADJUSTABLE/HYBRID,0,0,0,54,39,280594.2,13,11,17069.2,80.0,40.0,31224.9,16.0,9.0,24579.8,20190927
AGENCY PASS-THRU (SPECIFIED),OTHER,0,0,0,0,0,0,0,0,0,0.0,0.0,0.0,0.0,0.0,0.0,20190927
AGENCY CMO,P&I,0,0,0,360,151,374414,324,140,325168.1,272.0,125.0,157677.2,13.0,11.0,60125.9,20190927
AGENCY CMO,IO/PO,0,0,0,60,30,235292.6,23,14,263755.5,35.0,17.0,565984.8,0.0,0.0,0.0,20190927
"AGENCY PASS-THRU (TBA, STIP, $ ROLLS)",SINGLE FAMILY 15Y,963,16,8926216,0,0,0,0,0,0,0.0,0.0,0.0,0,0,0,20190930
"AGENCY PASS-THRU (TBA, STIP, $ ROLLS)",SINGLE FAMILY 30Y,6225,22,150892071.2,0,0,0,*,*,*,1590.0,32.0,45776646.5,0,0,0,20190930
"AGENCY PASS-THRU (TBA, STIP, $ ROLLS)",OTHER,0,0,0,19,7,391627,0,0,0,26.0,9.0,205674.3,0,0,0,20190930
AGENCY PASS-THRU (SPECIFIED),SINGLE FAMILY 15Y,326,220,623830.9,21,20,45065.2,53,37,10338.2,12.0,11.0,13176.7,0,0,0,20190930
AGENCY PASS-THRU (SPECIFIED),SINGLE FAMILY 30Y,768,411,5755655.9,22,14,97626.8,310,129,95514.2,502.0,271.0,1126959.3,0,0,0,20190930
AGENCY PASS-THRU (SPECIFIED),ADJUSTABLE/HYBRID,0,0,0,18,14,146791.6,5,5,18760,9.0,8.0,116.9,*,*,*,20190930
AGENCY PASS-THRU (SPECIFIED),OTHER,0,0,0,0,0,0,0,0,0,0.0,0.0,0.0,0,0,0,20190930
AGENCY CMO,P&I,0,0,0,318,143,89663.1,210,115,103916.7,196.0,108.0,443367.0,27,19,217147.8,20190930
AGENCY CMO,IO/PO,0,0,0,38,14,66421.3,11,5,13458.3,15.0,10.0,135510.6,0,0,0,20190930
"AGENCY PASS-THRU (TBA, STIP, $ ROLLS)",SINGLE FAMILY 15Y,1266,15,15770481.8,0,0,0,0,0,0,0.0,0.0,0.0,0,0,0,20191001
"AGENCY PASS-THRU (TBA, STIP, $ ROLLS)",SINGLE FAMILY 30Y,7692,24,217385124.7,0,0,0,5,4,353645,1857.0,32.0,51627057.6,0,0,0,20191001
"AGENCY PASS-THRU (TBA, STIP, $ ROLLS)",OTHER,0,0,0,22,11,264406.6,*,*,*,42.0,13.0,448429.4,0,0,0,20191001
AGENCY PASS-THRU (SPECIFIED),SINGLE FAMILY 15Y,287,214,892989.6,36,29,90752,87,77,36307.1,78.0,42.0,234313.4,0,0,0,20191001
AGENCY PASS-THRU (SPECIFIED),SINGLE FAMILY 30Y,958,635,13619661.6,67,60,389604.8,304,175,238586,726.0,324.0,7150973.0,0,0,0,20191001
AGENCY PASS-THRU (SPECIFIED),ADJUSTABLE/HYBRID,0,0,0,12,7,144808.6,9,9,22549.5,35.0,30.0,21502.4,*,*,*,20191001
AGENCY PASS-THRU (SPECIFIED),OTHER,0,0,0,0,0,0,0,0,0,0.0,0.0,0.0,0,0,0,20191001
AGENCY CMO,P&I,0,0,0,419,169,417536,266,142,618187,220.0,93.0,226457.7,40,35,38464.5,20191001
AGENCY CMO,IO/PO,0,0,0,33,13,280894.4,50,8,254916.5,18.0,10.0,331293.7,0,0,0,20191001
"AGENCY PASS-THRU (TBA, STIP, $ ROLLS)",SINGLE FAMILY 15Y,1646,18,27002450,0,0,0,0,0,0,0.0,0.0,0.0,0.0,0.0,0.0,20191002
"AGENCY PASS-THRU (TBA, STIP, $ ROLLS)",SINGLE FAMILY 30Y,6769,23,192614409.7,0,0,0,8,4,545900,1865.0,25.0,47163096.4,0.0,0.0,0.0,20191002
"AGENCY PASS-THRU (TBA, STIP, $ ROLLS)",OTHER,0,0,0,23,11,530380,*,*,*,21.0,11.0,79745.6,0.0,0.0,0.0,20191002
AGENCY PASS-THRU (SPECIFIED),SINGLE FAMILY 15Y,495,334,2064986.8,46,33,250087.5,55,39,52339.2,42.0,22.0,185073.9,0.0,0.0,0.0,20191002
AGENCY PASS-THRU (SPECIFIED),SINGLE FAMILY 30Y,783,452,18358860,35,27,171077.4,246,107,551421.4,726.0,279.0,6881332.2,0.0,0.0,0.0,20191002
AGENCY PASS-THRU (SPECIFIED),ADJUSTABLE/HYBRID,0,0,0,24,17,120614,10,8,16572,59.0,54.0,86162.3,25.0,15.0,10617.1,20191002
AGENCY PASS-THRU (SPECIFIED),OTHER,0,0,0,0,0,0,0,0,0,0.0,0.0,0.0,0.0,0.0,0.0,20191002
AGENCY CMO,P&I,0,0,0,280,161,474142.5,263,150,470417.1,239.0,126.0,779021.1,21.0,17.0,40093.7,20191002
AGENCY CMO,IO/PO,0,0,0,19,9,180707.9,17,11,246787.7,16.0,8.0,88243.0,0.0,0.0,0.0,20191002
"AGENCY PASS-THRU (TBA, STIP, $ ROLLS)",SINGLE FAMILY 15Y,1251,14,17596279.1,0,0,0,0,0,0,0.0,0.0,0.0,0,0,0,20191003
"AGENCY PASS-THRU (TBA, STIP, $ ROLLS)",SINGLE FAMILY 30Y,8828,27,250572748.5,0,0,0,*,*,*,1546.0,31.0,42225818.9,0,0,0,20191003
"AGENCY PASS-THRU (TBA, STIP, $ ROLLS)",OTHER,0,0,0,22,13,346619,10,5,187672,39.0,12.0,247894.6,0,0,0,20191003
AGENCY PASS-THRU (SPECIFIED),SINGLE FAMILY 15Y,277,158,2115946.5,33,21,73358.4,74,54,76270.5,46.0,24.0,71301.3,0,0,0,20191003
AGENCY PASS-THRU (SPECIFIED),SINGLE FAMILY 30Y,1005,529,10294190.7,65,47,905755.4,285,161,859075.5,1061.0,446.0,7167208.0,0,0,0,20191003
AGENCY PASS-THRU (SPECIFIED),ADJUSTABLE/HYBRID,0,0,0,77,61,174880.9,30,27,91731.3,30.0,26.0,9005.7,7,7,3036.7,20191003
AGENCY PASS-THRU (SPECIFIED),OTHER,0,0,0,0,0,0,0,0,0,0.0,0.0,0.0,0,0,0,20191003
AGENCY CMO,P&I,0,0,0,304,156,587258.1,222,123,130827.5,255.0,138.0,519866.9,9,6,48854.3,20191003
AGENCY CMO,IO/PO,0,0,0,33,20,470358,20,9,247708.7,9.0,6.0,185609.4,*,*,*,20191003
"AGENCY PASS-THRU (TBA, STIP, $ ROLLS)",SINGLE FAMILY 15Y,1346,13,27691212.8,0,0,0,0.0,0.0,0.0,0.0,0.0,0.0,0,0,0,20191004
"AGENCY PASS-THRU (TBA, STIP, $ ROLLS)",SINGLE FAMILY 30Y,8794,24,336116850.2,0,0,0,11.0,8.0,89211.6,1653.0,29.0,41149008.7,0,0,0,20191004
"AGENCY PASS-THRU (TBA, STIP, $ ROLLS)",OTHER,0,0,0,20,9,209573,0.0,0.0,0.0,27.0,15.0,288604.2,0,0,0,20191004
AGENCY PASS-THRU (SPECIFIED),SINGLE FAMILY 15Y,308,207,1591663.1,50,28,201449.5,92.0,55.0,45455.4,40.0,16.0,91859.0,0,0,0,20191004
AGENCY PASS-THRU (SPECIFIED),SINGLE FAMILY 30Y,990,531,9033429.1,168,117,871267.9,398.0,217.0,2756870.2,488.0,177.0,5155412.1,0,0,0,20191004
AGENCY PASS-THRU (SPECIFIED),ADJUSTABLE/HYBRID,0,0,0,24,22,43489.1,18.0,16.0,9382.8,18.0,11.0,4818.2,8,5,4209.7,20191004
AGENCY PASS-THRU (SPECIFIED),OTHER,0,0,0,0,0,0,0.0,0.0,0.0,0.0,0.0,0.0,0,0,0,20191004
AGENCY CMO,P&I,0,0,0,229,131,358068,184.0,98.0,333456.5,190.0,98.0,135071.9,15,12,133141.2,20191004
AGENCY CMO,IO/PO,0,0,0,15,7,25448.1,7.0,4.0,123299.2,15.0,9.0,391612.1,*,*,*,20191004
"AGENCY PASS-THRU (TBA, STIP, $ ROLLS)",SINGLE FAMILY 15Y,1080,13,12177592.4,0,0,0,*,*,*,0.0,0.0,0.0,0,0,0,20191007
"AGENCY PASS-THRU (TBA, STIP, $ ROLLS)",SINGLE FAMILY 30Y,11254,29,395799855.8,0,0,0,48,10,384107,1713.0,29.0,41745567.8,0,0,0,20191007
"AGENCY PASS-THRU (TBA, STIP, $ ROLLS)",OTHER,0,0,0,27,14,643767.9,0,0,0,18.0,11.0,172107.3,0,0,0,20191007
AGENCY PASS-THRU (SPECIFIED),SINGLE FAMILY 15Y,329,210,1247907.6,60,31,161952.5,76,58,7702.7,125.0,109.0,20651.0,0,0,0,20191007
AGENCY PASS-THRU (SPECIFIED),SINGLE FAMILY 30Y,1228,763,13182957,66,41,331550.5,504,334,1291463.8,612.0,267.0,7290723.6,0,0,0,20191007
AGENCY PASS-THRU (SPECIFIED),ADJUSTABLE/HYBRID,0,0,0,16,13,14856.8,16,12,18590.8,6.0,5.0,2632.3,6,6,1699.6,20191007
AGENCY PASS-THRU (SPECIFIED),OTHER,0,0,0,0,0,0,0,0,0,0.0,0.0,0.0,0,0,0,20191007
AGENCY CMO,P&I,0,0,0,286,186,2906197,275,148,1453406.5,237.0,144.0,3565779.5,10,7,21417.8,20191007
AGENCY CMO,IO/PO,0,0,0,38,25,136622.5,32,22,166409.6,32.0,21.0,234756.5,*,*,*,20191007
"AGENCY PASS-THRU (TBA, STIP, $ ROLLS)",SINGLE FAMILY 15Y,1490,17,22134989.3,0,0,0,0.0,0.0,0.0,0,0,0,0.0,0.0,0.0,20191008
"AGENCY PASS-THRU (TBA, STIP, $ ROLLS)",SINGLE FAMILY 30Y,8811,28,176758390.8,0,0,0,27.0,10.0,265750.0,2017,34,63012234.4,0.0,0.0,0.0,20191008
"AGENCY PASS-THRU (TBA, STIP, $ ROLLS)",OTHER,0,0,0,13,6,78506,0.0,0.0,0.0,41,17,315771.2,0.0,0.0,0.0,20191008
AGENCY PASS-THRU (SPECIFIED),SINGLE FAMILY 15Y,307,178,2791625.3,92,76,876378.2,81.0,61.0,242917.7,36,20,27779.5,0.0,0.0,0.0,20191008
AGENCY PASS-THRU (SPECIFIED),SINGLE FAMILY 30Y,1374,858,10127885.2,51,36,288511,535.0,356.0,1207393.5,838,467,7142328.8,0.0,0.0,0.0,20191008
AGENCY PASS-THRU (SPECIFIED),ADJUSTABLE/HYBRID,0,0,0,42,33,145731.3,21.0,18.0,46014.3,*,*,*,6.0,5.0,7467.7,20191008
AGENCY PASS-THRU (SPECIFIED),OTHER,0,0,0,0,0,0,0.0,0.0,0.0,0,0,0,0.0,0.0,0.0,20191008
AGENCY CMO,P&I,0,0,0,311,174,803504.8,268.0,123.0,365900.9,279,148,696688.5,19.0,12.0,74675.1,20191008
AGENCY CMO,IO/PO,0,0,0,53,28,225529.8,38.0,19.0,868066.8,35,20,254892.8,0.0,0.0,0.0,20191008
"AGENCY PASS-THRU (TBA, STIP, $ ROLLS)",SINGLE FAMILY 15Y,1549,21,39023918.8,0,0,0,0.0,0.0,0.0,0.0,0.0,0.0,0.0,0.0,0.0,20191009
"AGENCY PASS-THRU (TBA, STIP, $ ROLLS)",SINGLE FAMILY 30Y,4720,24,89408341.8,0,0,0,5.0,2.0,701100.0,1839.0,26.0,60300721.0,0.0,0.0,0.0,20191009
"AGENCY PASS-THRU (TBA, STIP, $ ROLLS)",OTHER,0,0,0,7,5,152581,0.0,0.0,0.0,21.0,10.0,116307.3,0.0,0.0,0.0,20191009
AGENCY PASS-THRU (SPECIFIED),SINGLE FAMILY 15Y,464,262,2383883.8,62,44,193895.3,181.0,139.0,268134.9,70.0,28.0,73102.5,0.0,0.0,0.0,20191009
AGENCY PASS-THRU (SPECIFIED),SINGLE FAMILY 30Y,838,435,9425800,39,23,566371.2,252.0,158.0,269848.8,781.0,401.0,7819463.9,0.0,0.0,0.0,20191009
AGENCY PASS-THRU (SPECIFIED),ADJUSTABLE/HYBRID,0,0,0,36,29,70711,6.0,6.0,962.3,10.0,7.0,11640.7,7.0,5.0,2990.4,20191009
AGENCY PASS-THRU (SPECIFIED),OTHER,0,0,0,0,0,0,0.0,0.0,0.0,0.0,0.0,0.0,0.0,0.0,0.0,20191009
AGENCY CMO,P&I,0,0,0,196,111,395051.3,200.0,104.0,242462.5,181.0,96.0,458465.0,13.0,10.0,64389.0,20191009
AGENCY CMO,IO/PO,0,0,0,41,16,245141.7,40.0,16.0,161141.1,33.0,20.0,343391.6,0.0,0.0,0.0,20191009
"AGENCY PASS-THRU (TBA, STIP, $ ROLLS)",SINGLE FAMILY 15Y,2048,17,36035213,0,0,0,0,0,0,0,0,0,0,0,0,20191010
"AGENCY PASS-THRU (TBA, STIP, $ ROLLS)",SINGLE FAMILY 30Y,5664,23,160368263.8,0,0,0,*,*,*,2431,39,81623314.7,0,0,0,20191010
"AGENCY PASS-THRU (TBA, STIP, $ ROLLS)",OTHER,0,0,0,15,10,212635,0,0,0,21,10,127096.7,0,0,0,20191010
AGENCY PASS-THRU (SPECIFIED),SINGLE FAMILY 15Y,604,366,2542781.9,67,35,326157.2,80,51,26914.6,110,46,319261.1,0,0,0,20191010
AGENCY PASS-THRU (SPECIFIED),SINGLE FAMILY 30Y,1186,697,9721394,63,25,937949.6,335,179,334489,797,372,6823446.4,0,0,0,20191010
AGENCY PASS-THRU (SPECIFIED),ADJUSTABLE/HYBRID,0,0,0,31,17,44792.7,24,12,16956.8,*,*,*,*,*,*,20191010
AGENCY PASS-THRU (SPECIFIED),OTHER,0,0,0,0,0,0,0,0,0,0,0,0,0,0,0,20191010
AGENCY CMO,P&I,0,0,0,320,172,1199417.6,282,146,427087.5,242,137,580706.4,22,17,15674.1,20191010
AGENCY CMO,IO/PO,0,0,0,37,11,203959,10,9,150007.4,16,12,569715.3,0,0,0,20191010
"AGENCY PASS-THRU (TBA, STIP, $ ROLLS)",SINGLE FAMILY 15Y,2137,18,31411301.2,0,0,0,0,0,0,0,0,0,0.0,0.0,0.0,20191011
"AGENCY PASS-THRU (TBA, STIP, $ ROLLS)",SINGLE FAMILY 30Y,5286,25,151633733.7,0,0,0,*,*,*,2127,39,42955516.7,0.0,0.0,0.0,20191011
"AGENCY PASS-THRU (TBA, STIP, $ ROLLS)",OTHER,0,0,0,28,15,471279.3,0,0,0,11,9,135940.5,0.0,0.0,0.0,20191011
AGENCY PASS-THRU (SPECIFIED),SINGLE FAMILY 15Y,481,258,1466451.3,56,29,156296,65,33,33562.7,107,42,95485.1,0.0,0.0,0.0,20191011
AGENCY PASS-THRU (SPECIFIED),SINGLE FAMILY 30Y,778,369,9341779.4,62,22,419488.5,298,129,277324.9,723,294,6684975.2,0.0,0.0,0.0,20191011
AGENCY PASS-THRU (SPECIFIED),ADJUSTABLE/HYBRID,0,0,0,15,10,39702.8,93,48,47119.9,*,*,*,7.0,4.0,11042.6,20191011
AGENCY PASS-THRU (SPECIFIED),OTHER,0,0,0,0,0,0,0,0,0,0,0,0,0.0,0.0,0.0,20191011
AGENCY CMO,P&I,0,0,0,278,150,779048.3,213,113,317156.8,184,89,249842.3,11.0,11.0,27778.1,20191011
AGENCY CMO,IO/PO,0,0,0,83,32,177870.4,14,12,15659.8,32,26,189562.9,0.0,0.0,0.0,20191011
"AGENCY PASS-THRU (TBA, STIP, $ ROLLS)",SINGLE FAMILY 15Y,0,0,0,0,0,0,0,0,0,0,0,0,0.0,0.0,0.0,20191014
"AGENCY PASS-THRU (TBA, STIP, $ ROLLS)",SINGLE FAMILY 30Y,0,0,0,0,0,0,0,0,0,0,0,0,0.0,0.0,0.0,20191014
"AGENCY PASS-THRU (TBA, STIP, $ ROLLS)",OTHER,0,0,0,0,0,0,0,0,0,0,0,0,0.0,0.0,0.0,20191014
AGENCY PASS-THRU (SPECIFIED),SINGLE FAMILY 15Y,0,0,0,0,0,0,0,0,0,0,0,0,0.0,0.0,0.0,20191014
AGENCY PASS-THRU (SPECIFIED),SINGLE FAMILY 30Y,*,*,*,*,*,*,*,*,*,52,42,355.3,0.0,0.0,0.0,20191014
AGENCY PASS-THRU (SPECIFIED),ADJUSTABLE/HYBRID,0,0,0,0,0,0,0,0,0,0,0,0,0.0,0.0,0.0,20191014
AGENCY PASS-THRU (SPECIFIED),OTHER,0,0,0,0,0,0,0,0,0,0,0,0,0.0,0.0,0.0,20191014
AGENCY CMO,P&I,0,0,0,9,8,59.1,8,6,188.7,*,*,*,0.0,0.0,0.0,20191014
AGENCY CMO,IO/PO,0,0,0,0,0,0,0,0,0,0,0,0,0.0,0.0,0.0,20191014
"AGENCY PASS-THRU (TBA, STIP, $ ROLLS)",SINGLE FAMILY 15Y,2061,17,23553275.8,0,0,0,0,0,0,0.0,0.0,0.0,0.0,0.0,0.0,20191015
"AGENCY PASS-THRU (TBA, STIP, $ ROLLS)",SINGLE FAMILY 30Y,4672,28,125129260.4,0,0,0,*,*,*,3078.0,35.0,83588832.4,0.0,0.0,0.0,20191015
"AGENCY PASS-THRU (TBA, STIP, $ ROLLS)",OTHER,0,0,0,23,10,270982.9,0,0,0,22.0,8.0,97493.3,0.0,0.0,0.0,20191015
AGENCY PASS-THRU (SPECIFIED),SINGLE FAMILY 15Y,412,232,1273640.9,76,38,576654.4,105,63,21789.1,61.0,18.0,58516.8,0.0,0.0,0.0,20191015
AGENCY PASS-THRU (SPECIFIED),SINGLE FAMILY 30Y,1338,727,6943275.9,59,26,199192.4,468,239,701916.3,1932.0,846.0,9035262.3,0.0,0.0,0.0,20191015
AGENCY PASS-THRU (SPECIFIED),ADJUSTABLE/HYBRID,0,0,0,22,21,57674.5,21,18,18390.2,158.0,155.0,91342.7,8.0,4.0,5434.5,20191015
AGENCY PASS-THRU (SPECIFIED),OTHER,0,0,0,0,0,0,0,0,0,0.0,0.0,0.0,0.0,0.0,0.0,20191015
AGENCY CMO,P&I,0,0,0,255,143,285020,340,160,181950.4,288.0,145.0,257779.5,15.0,9.0,18134.1,20191015
AGENCY CMO,IO/PO,0,0,0,36,30,110670.8,17,14,57177.7,35.0,31.0,567512.3,0.0,0.0,0.0,20191015
"AGENCY PASS-THRU (TBA, STIP, $ ROLLS)",SINGLE FAMILY 15Y,1043,13,9779446.6,0,0,0,0,0,0,0,0,0,0,0,0,20191016
"AGENCY PASS-THRU (TBA, STIP, $ ROLLS)",SINGLE FAMILY 30Y,4939,28,116304617.3,0,0,0,*,*,*,4659,35,89757784.2,0,0,0,20191016
"AGENCY PASS-THRU (TBA, STIP, $ ROLLS)",OTHER,0,0,0,26,12,413946.8,*,*,*,27,15,252077.2,0,0,0,20191016
AGENCY PASS-THRU (SPECIFIED),SINGLE FAMILY 15Y,477,234,507727.2,53,33,287565.6,65,43,42837.9,42,18,33665.6,0,0,0,20191016
AGENCY PASS-THRU (SPECIFIED),SINGLE FAMILY 30Y,1299,592,8645669.6,57,31,1597782,359,181,295457.2,1175,499,11862820.5,0,0,0,20191016
AGENCY PASS-THRU (SPECIFIED),ADJUSTABLE/HYBRID,0,0,0,59,33,221163.1,11,8,31967.6,*,*,*,12,7,12761.4,20191016
AGENCY PASS-THRU (SPECIFIED),OTHER,0,0,0,0,0,0,0,0,0,0,0,0,0,0,0,20191016
AGENCY CMO,P&I,0,0,0,315,170,724120.5,227,117,255673.5,279,125,296175.9,7,5,13339.3,20191016
AGENCY CMO,IO/PO,0,0,0,18,16,340705.8,36,20,293405,33,18,888411.5,*,*,*,20191016
"AGENCY PASS-THRU (TBA, STIP, $ ROLLS)",SINGLE FAMILY 15Y,872,14,13777996.4,0,0,0,0,0,0,0.0,0.0,0.0,0.0,0.0,0.0,20191017
"AGENCY PASS-THRU (TBA, STIP, $ ROLLS)",SINGLE FAMILY 30Y,4088,24,85451526.9,0,0,0,*,*,*,3796.0,43.0,70797236.5,0.0,0.0,0.0,20191017
"AGENCY PASS-THRU (TBA, STIP, $ ROLLS)",OTHER,0,0,0,16,7,334609.2,*,*,*,29.0,15.0,152426.4,0.0,0.0,0.0,20191017
AGENCY PASS-THRU (SPECIFIED),SINGLE FAMILY 15Y,288,152,581418.6,49,35,154691.9,128,98,556004.6,27.0,12.0,56738.8,0.0,0.0,0.0,20191017
AGENCY PASS-THRU (SPECIFIED),SINGLE FAMILY 30Y,985,548,6659990.3,44,27,353347.5,308,178,715587.1,1068.0,510.0,4302679.9,0.0,0.0,0.0,20191017
AGENCY PASS-THRU (SPECIFIED),ADJUSTABLE/HYBRID,0,0,0,11,7,87555.8,23,15,215428.2,15.0,6.0,53239.5,46.0,39.0,35618.0,20191017
AGENCY PASS-THRU (SPECIFIED),OTHER,0,0,0,0,0,0,0,0,0,0.0,0.0,0.0,0.0,0.0,0.0,20191017
AGENCY CMO,P&I,0,0,0,394,190,532120.1,263,123,331982,235.0,108.0,223280.8,8.0,7.0,28794.6,20191017
AGENCY CMO,IO/PO,0,0,0,21,16,392628.4,10,7,82193.2,25.0,16.0,593621.6,0.0,0.0,0.0,20191017
"AGENCY PASS-THRU (TBA, STIP, $ ROLLS)",SINGLE FAMILY 15Y,547,12,4874400.1,0,0,0,0,0,0,0.0,0.0,0.0,0,0,0,20191018
"AGENCY PASS-THRU (TBA, STIP, $ ROLLS)",SINGLE FAMILY 30Y,3491,21,94929597.9,0,0,0,*,*,*,1063.0,26.0,32578419.9,0,0,0,20191018
"AGENCY PASS-THRU (TBA, STIP, $ ROLLS)",OTHER,0,0,0,21,10,611515.1,0,0,0,14.0,6.0,107372.9,0,0,0,20191018
AGENCY PASS-THRU (SPECIFIED),SINGLE FAMILY 15Y,406,289,656851.1,69,46,156083.9,101,73,69626.3,26.0,12.0,31838.9,0,0,0,20191018
AGENCY PASS-THRU (SPECIFIED),SINGLE FAMILY 30Y,1109,764,5154285.2,51,24,381516.2,238,119,475291.9,748.0,397.0,3304249.5,0,0,0,20191018
AGENCY PASS-THRU (SPECIFIED),ADJUSTABLE/HYBRID,0,0,0,228,223,89075.4,20,12,38391,44.0,12.0,38097.0,50,31,44450.4,20191018
AGENCY PASS-THRU (SPECIFIED),OTHER,0,0,0,0,0,0,0,0,0,0.0,0.0,0.0,0,0,0,20191018
AGENCY CMO,P&I,0,0,0,176,99,350419.7,182,104,417041.8,168.0,75.0,94389.7,*,*,*,20191018
AGENCY CMO,IO/PO,0,0,0,16,9,225402.4,15,8,166691.9,12.0,9.0,240546.2,0,0,0,20191018
"AGENCY PASS-THRU (TBA, STIP, $ ROLLS)",SINGLE FAMILY 15Y,902,14,23049993.9,0,0,0,0,0,0,0.0,0.0,0.0,0,0,0,20191021
"AGENCY PASS-THRU (TBA, STIP, $ ROLLS)",SINGLE FAMILY 30Y,3803,26,129472510.6,0,0,0,*,*,*,1303.0,27.0,37022821.5,0,0,0,20191021
"AGENCY PASS-THRU (TBA, STIP, $ ROLLS)",OTHER,0,0,0,21,10,260785.6,0,0,0,7.0,5.0,62995.5,0,0,0,20191021
AGENCY PASS-THRU (SPECIFIED),SINGLE FAMILY 15Y,239,135,539132.2,42,27,246141.1,82,55,48384.3,76.0,55.0,120598.7,0,0,0,20191021
AGENCY PASS-THRU (SPECIFIED),SINGLE FAMILY 30Y,1026,463,4366373.4,52,31,373299.4,383,170,301421.7,903.0,350.0,6262415.4,0,0,0,20191021
AGENCY PASS-THRU (SPECIFIED),ADJUSTABLE/HYBRID,0,0,0,24,16,25602.3,18,12,43112.5,9.0,8.0,2349.3,*,*,*,20191021
AGENCY PASS-THRU (SPECIFIED),OTHER,0,0,0,0,0,0,0,0,0,0.0,0.0,0.0,0,0,0,20191021
AGENCY CMO,P&I,0,0,0,240,158,469801.3,225,138,419107.8,246.0,117.0,107996.9,8,8,3024.1,20191021
AGENCY CMO,IO/PO,0,0,0,17,13,232448.8,10,7,44179.6,17.0,12.0,513170.6,0,0,0,20191021
"AGENCY PASS-THRU (TBA, STIP, $ ROLLS)",SINGLE FAMILY 15Y,1025,14,20424309.4,0,0,0,0,0,0,0.0,0.0,0.0,0,0,0,20191022
"AGENCY PASS-THRU (TBA, STIP, $ ROLLS)",SINGLE FAMILY 30Y,4568,22,122822645.2,0,0,0,*,*,*,1166.0,27.0,16846549.4,0,0,0,20191022
"AGENCY PASS-THRU (TBA, STIP, $ ROLLS)",OTHER,0,0,0,27,17,472265.9,0,0,0,20.0,10.0,124352.5,0,0,0,20191022
AGENCY PASS-THRU (SPECIFIED),SINGLE FAMILY 15Y,370,235,1495686.7,103,58,360525.6,60,44,18142,55.0,23.0,43398.8,0,0,0,20191022
AGENCY PASS-THRU (SPECIFIED),SINGLE FAMILY 30Y,1336,798,12070399.9,49,20,637327.5,333,183,409353.9,743.0,333.0,3815317.3,0,0,0,20191022
AGENCY PASS-THRU (SPECIFIED),ADJUSTABLE/HYBRID,0,0,0,176,167,182078.6,*,*,*,82.0,57.0,253816.5,*,*,*,20191022
AGENCY PASS-THRU (SPECIFIED),OTHER,0,0,0,0,0,0,0,0,0,0.0,0.0,0.0,0,0,0,20191022
AGENCY CMO,P&I,0,0,0,279,157,328012.2,285,149,292952.3,233.0,115.0,127666.4,*,*,*,20191022
AGENCY CMO,IO/PO,0,0,0,26,18,305439.1,22,16,284801.5,22.0,11.0,300824.2,*,*,*,20191022
"AGENCY PASS-THRU (TBA, STIP, $ ROLLS)",SINGLE FAMILY 15Y,1116,15,13028910.7,0,0,0,0,0,0,0.0,0.0,0.0,0,0,0,20191023
"AGENCY PASS-THRU (TBA, STIP, $ ROLLS)",SINGLE FAMILY 30Y,4190,21,128810840.4,0,0,0,*,*,*,1508.0,31.0,35224957.5,0,0,0,20191023
"AGENCY PASS-THRU (TBA, STIP, $ ROLLS)",OTHER,0,0,0,19,9,1662737.6,0,0,0,8.0,5.0,98225.4,0,0,0,20191023
AGENCY PASS-THRU (SPECIFIED),SINGLE FAMILY 15Y,423,280,1439399.7,67,44,262065.2,75,48,12514.5,47.0,19.0,42752.2,0,0,0,20191023
AGENCY PASS-THRU (SPECIFIED),SINGLE FAMILY 30Y,1436,839,14317342.7,90,47,300060.6,313,136,515667,705.0,318.0,3951230.8,0,0,0,20191023
AGENCY PASS-THRU (SPECIFIED),ADJUSTABLE/HYBRID,0,0,0,12,8,14504.7,16,13,55471.9,0.0,0.0,0.0,0,0,0,20191023
AGENCY PASS-THRU (SPECIFIED),OTHER,0,0,0,0,0,0,0,0,0,0.0,0.0,0.0,0,0,0,20191023
AGENCY CMO,P&I,0,0,0,249,132,373972.3,249,140,213793.1,262.0,138.0,252543.6,9,8,20746.9,20191023
AGENCY CMO,IO/PO,0,0,0,19,13,257613.9,22,11,136601.2,21.0,17.0,574700.5,*,*,*,20191023
"AGENCY PASS-THRU (TBA, STIP, $ ROLLS)",SINGLE FAMILY 15Y,1400,14,20697386.5,0,0,0,0,0,0,0.0,0.0,0.0,0,0,0,20191024
"AGENCY PASS-THRU (TBA, STIP, $ ROLLS)",SINGLE FAMILY 30Y,5019,22,135714936.2,0,0,0,*,*,*,1331.0,26.0,63178555.7,0,0,0,20191024
"AGENCY PASS-THRU (TBA, STIP, $ ROLLS)",OTHER,0,0,0,11,6,56347,0,0,0,27.0,11.0,195071.5,0,0,0,20191024
AGENCY PASS-THRU (SPECIFIED),SINGLE FAMILY 15Y,452,307,1715799.2,60,28,86374.5,136,108,207703.3,24.0,17.0,7787.2,0,0,0,20191024
AGENCY PASS-THRU (SPECIFIED),SINGLE FAMILY 30Y,1540,943,15197635.3,79,53,454918.2,491,311,682374.4,895.0,577.0,3262865.6,0,0,0,20191024
AGENCY PASS-THRU (SPECIFIED),ADJUSTABLE/HYBRID,0,0,0,479,296,106661.7,78,73,19380.6,191.0,187.0,410796.3,9,4,7074,20191024
AGENCY PASS-THRU (SPECIFIED),OTHER,0,0,0,0,0,0,0,0,0,0.0,0.0,0.0,0,0,0,20191024
AGENCY CMO,P&I,0,0,0,256,134,411765.3,255,129,294520.8,269.0,137.0,512791.9,*,*,*,20191024
AGENCY CMO,IO/PO,0,0,0,163,148,622081.5,93,82,369312.2,86.0,68.0,561060.3,8,4,162880.5,20191024
"AGENCY PASS-THRU (TBA, STIP, $ ROLLS)",SINGLE FAMILY 15Y,899,12,11034690,0,0,0,0,0,0,0.0,0.0,0.0,0,0,0,20191025
"AGENCY PASS-THRU (TBA, STIP, $ ROLLS)",SINGLE FAMILY 30Y,4168,23,92527494.1,0,0,0,*,*,*,1296.0,27.0,36742857.9,0,0,0,20191025
"AGENCY PASS-THRU (TBA, STIP, $ ROLLS)",OTHER,0,0,0,19,9,184362,0,0,0,13.0,8.0,98518.9,0,0,0,20191025
AGENCY PASS-THRU (SPECIFIED),SINGLE FAMILY 15Y,256,134,679476,49,28,181278.4,42,29,3050.1,79.0,41.0,43527.8,0,0,0,20191025
AGENCY PASS-THRU (SPECIFIED),SINGLE FAMILY 30Y,1256,795,9122632.4,30,18,207058.5,365,241,518575,968.0,599.0,3556764.2,0,0,0,20191025
AGENCY PASS-THRU (SPECIFIED),ADJUSTABLE/HYBRID,0,0,0,223,114,14715.9,140,73,10481.8,255.0,130.0,18660.6,6,5,6010.6,20191025
AGENCY PASS-THRU (SPECIFIED),OTHER,0,0,0,0,0,0,0,0,0,0.0,0.0,0.0,0,0,0,20191025
AGENCY CMO,P&I,0,0,0,230,128,362339.7,214,118,661862.9,224.0,89.0,301372.2,*,*,*,20191025
AGENCY CMO,IO/PO,0,0,0,27,15,255363,18,9,484899.9,26.0,17.0,315665.9,*,*,*,20191025
"AGENCY PASS-THRU (TBA, STIP, $ ROLLS)",SINGLE FAMILY 15Y,1059,14,17919755.6,0,0,0,0,0,0,0.0,0.0,0.0,0,0,0,20191028
"AGENCY PASS-THRU (TBA, STIP, $ ROLLS)",SINGLE FAMILY 30Y,4535,23,120297502,0,0,0,*,*,*,1192.0,24.0,47363379.0,0,0,0,20191028
"AGENCY PASS-THRU (TBA, STIP, $ ROLLS)",OTHER,0,0,0,24,13,552753,0,0,0,23.0,10.0,232158.4,0,0,0,20191028
AGENCY PASS-THRU (SPECIFIED),SINGLE FAMILY 15Y,394,283,1103126,83,47,514229.8,99,68,108505.7,27.0,15.0,24504.9,0,0,0,20191028
AGENCY PASS-THRU (SPECIFIED),SINGLE FAMILY 30Y,968,637,7376416.6,113,53,269022.5,373,248,526658.8,725.0,379.0,2798432.6,0,0,0,20191028
AGENCY PASS-THRU (SPECIFIED),ADJUSTABLE/HYBRID,0,0,0,11,7,41616.6,11,6,18236.8,6.0,6.0,42131.3,*,*,*,20191028
AGENCY PASS-THRU (SPECIFIED),OTHER,0,0,0,0,0,0,0,0,0,0.0,0.0,0.0,0,0,0,20191028
AGENCY CMO,P&I,0,0,0,311,149,817264.4,319,152,488520.9,359.0,135.0,156425.2,21,14,11094.9,20191028
AGENCY CMO,IO/PO,0,0,0,14,9,143822.5,24,16,233903.7,15.0,10.0,467403.8,0,0,0,20191028
"AGENCY PASS-THRU (TBA, STIP, $ ROLLS)",SINGLE FAMILY 15Y,974,13,13494789.3,0,0,0,0,0,0,0.0,0.0,0.0,0,0,0,20191029
"AGENCY PASS-THRU (TBA, STIP, $ ROLLS)",SINGLE FAMILY 30Y,4749,18,115942729.8,0,0,0,*,*,*,1307.0,27.0,25096556.7,0,0,0,20191029
"AGENCY PASS-THRU (TBA, STIP, $ ROLLS)",OTHER,0,0,0,10,8,55998,0,0,0,27.0,9.0,172074.3,0,0,0,20191029
AGENCY PASS-THRU (SPECIFIED),SINGLE FAMILY 15Y,322,179,1270104.4,64,45,147974.9,90,64,22451.2,27.0,17.0,1793.8,0,0,0,20191029
AGENCY PASS-THRU (SPECIFIED),SINGLE FAMILY 30Y,1162,583,9287757.9,37,25,789589,359,187,415487.2,1528.0,756.0,4549302.7,0,0,0,20191029
AGENCY PASS-THRU (SPECIFIED),ADJUSTABLE/HYBRID,0,0,0,96,61,330888.4,29,23,149015.5,14.0,9.0,28048.6,0,0,0,20191029
AGENCY PASS-THRU (SPECIFIED),OTHER,0,0,0,0,0,0,0,0,0,0.0,0.0,0.0,0,0,0,20191029
AGENCY CMO,P&I,0,0,0,271,109,917526,252,128,282267.3,281.0,112.0,116921.0,35,17,51451.3,20191029
AGENCY CMO,IO/PO,0,0,0,33,19,416396.5,32,10,99120.9,31.0,18.0,781835.9,*,*,*,20191029
"AGENCY PASS-THRU (TBA, STIP, $ ROLLS)",SINGLE FAMILY 15Y,1247,13,17147178.3,0,0,0,0,0,0,0.0,0.0,0.0,0,0,0,20191030
"AGENCY PASS-THRU (TBA, STIP, $ ROLLS)",SINGLE FAMILY 30Y,5419,25,142779089.5,0,0,0,*,*,*,1404.0,29.0,43477151.1,0,0,0,20191030
"AGENCY PASS-THRU (TBA, STIP, $ ROLLS)",OTHER,0,0,0,7,7,107019,*,*,*,28.0,14.0,273766.4,0,0,0,20191030
AGENCY PASS-THRU (SPECIFIED),SINGLE FAMILY 15Y,307,177,1499157.6,65,43,239829.7,68,55,178763.8,15.0,7.0,45710.0,0,0,0,20191030
AGENCY PASS-THRU (SPECIFIED),SINGLE FAMILY 30Y,872,504,10610304.7,47,28,415889,184,115,287554.5,507.0,255.0,2751211.7,0,0,0,20191030
AGENCY PASS-THRU (SPECIFIED),ADJUSTABLE/HYBRID,0,0,0,11,9,31789.1,53,50,174316.5,8.0,6.0,12253.9,*,*,*,20191030
AGENCY PASS-THRU (SPECIFIED),OTHER,0,0,0,0,0,0,0,0,0,0.0,0.0,0.0,0,0,0,20191030
AGENCY CMO,P&I,0,0,0,333,139,299638.5,262,132,428346.2,244.0,107.0,277665.0,16,13,7695.3,20191030
AGENCY CMO,IO/PO,0,0,0,30,15,168075.4,23,15,159569.1,50.0,30.0,317605.7,0,0,0,20191030
"AGENCY PASS-THRU (TBA, STIP, $ ROLLS)",SINGLE FAMILY 15Y,1087,15,11870029.6,0,0,0,0,0,0,0.0,0.0,0.0,0,0,0,20191031
"AGENCY PASS-THRU (TBA, STIP, $ ROLLS)",SINGLE FAMILY 30Y,6346,20,196321654.7,0,0,0,*,*,*,1727.0,33.0,47339347.3,0,0,0,20191031
"AGENCY PASS-THRU (TBA, STIP, $ ROLLS)",OTHER,0,0,0,17,7,521586,0,0,0,25.0,13.0,333953.5,0,0,0,20191031
AGENCY PASS-THRU (SPECIFIED),SINGLE FAMILY 15Y,221,128,625606.7,36,26,92543.3,72,47,58069.9,17.0,9.0,30770.3,0,0,0,20191031
AGENCY PASS-THRU (SPECIFIED),SINGLE FAMILY 30Y,1032,527,10939302.7,44,30,317049,303,138,317691,627.0,334.0,3480925.4,0,0,0,20191031
AGENCY PASS-THRU (SPECIFIED),ADJUSTABLE/HYBRID,0,0,0,32,12,16349.8,6,4,62976.8,6.0,4.0,6742.0,12,4,5176.3,20191031
AGENCY PASS-THRU (SPECIFIED),OTHER,0,0,0,0,0,0,0,0,0,0.0,0.0,0.0,0,0,0,20191031
AGENCY CMO,P&I,0,0,0,280,145,205136,297,152,194484,209.0,117.0,78706.8,18,11,34884.2,20191031
AGENCY CMO,IO/PO,0,0,0,29,17,303877.5,34,16,321216.4,39.0,21.0,336688.5,*,*,*,20191031
